IRCH,JRCH,ISEG,OUTSEG,DELTA
7,30,1,4,0
8,22,2,12,0
8,27,3,4,0
10,27,4,26,0
10,41,5,20,0
10,75,6,17,0
10,82,7,17,0
11,20,8,12,0
11,35,9,36,0
11,57,10,21,0
12,30,11,26,0
13,21,12,33,0
13,45,13,20,0
13,63,14,21,0
14,66,15,28,0
15,78,16,22,0
14,80,17,22,0
14,92,18,32,0
14,105,19,38,0
15,40,20,30,0
15,64,21,28,0
15,80,22,50,0
15,89,23,32,0
15,97,24,35,0
16,14,25,59,0
16,26,26,33,0
16,55,27,64,0
16,64,28,54,0
16,94,29,35,0
17,40,30,97,0
17,45,31,30,0
17,90,32,44,0
18,26,33,36,0
18,71,34,126,0
18,94,35,37,0
19,26,36,157,0
20,92,37,44,0
21,96,38,37,0
20,144,39,46,0
21,18,40,59,0
22,88,41,50,0
21,148,42,46,0
22,54,43,67,0
22,89,44,41,0
23,107,45,38,0
22,142,46,62,0
23,40,47,110,0
23,67,48,54,0
23,78,49,55,0
23,82,50,55,0
25,88,51,41,0
24,28,52,97,0
24,133,53,62,0
25,60,54,67,0
25,80,55,77,0
25,123,56,83,0
26,93,57,86,0
26,114,58,83,0
27,14,59,76,0
27,49,60,64,0
27,127,61,100,0
27,133,62,74,0
28,20,63,76,0
28,45,64,119,0
28,150,65,88,0
28,155,66,75,0
29,59,67,111,0
29,102,68,86,0
29,135,69,74,0
29,143,70,238,0
30,158,71,75,0
30,53,72,122,0
30,110,73,165,0
30,132,74,95,0
30,153,75,88,0
31,14,76,102,0
31,78,77,152,0
32,81,78,77,0
31,103,79,105,0
31,116,80,94,0
32,46,81,120,0
32,95,82,92,0
32,119,83,94,0
33,64,84,111,0
33,87,85,152,0
33,98,86,92,0
33,129,87,95,0
33,147,88,139,0
33,156,89,115,0
34,37,90,110,0
34,61,91,111,0
34,98,92,105,0
34,104,93,137,0
34,118,94,113,0
34,127,95,100,0
35,7,96,128,0
35,27,97,146,0
35,41,98,119,0
35,116,99,113,0
35,126,100,114,0
35,144,101,139,0
36,13,102,116,3.048
41,20,103,102,3.048
36,93,104,105,0
36,99,105,137,0
38,130,106,114,0
36,159,107,115,0
37,7,108,128,0
38,15,109,102,0
37,34,110,149,0
37,59,111,125,0
37,67,112,126,0
37,118,113,166,0
37,125,114,185,0
37,149,115,140,0
38,10,116,129,3.048
41,14,117,116,0
38,29,118,147,0
38,39,119,131,3.048
38,46,120,119,3.048
38,48,121,120,3.048
38,49,122,121,3.048
38,52,123,122,3.048
38,54,124,123,3.048
38,58,125,124,0
39,61,126,125,0
38,71,127,144,0
39,8,128,141,0
39,9,129,141,3.048
48,14,130,129,0
39,36,131,149,3.048
45,39,132,131,0
42,49,133,121,0
45,50,134,122,0
41,54,135,123,0
40,57,136,124,3.048
39,101,137,154,0
39,103,138,154,0
39,141,139,161,0
39,147,140,161,0
40,8,141,0,3.048
40,21,142,103,0
40,59,143,136,3.048
43,66,144,143,3.048
41,151,145,140,0
41,26,146,158,3.048
41,28,147,146,3.048
41,30,148,147,3.048
41,33,149,148,3.048
45,58,150,136,0
42,59,151,143,0
41,75,152,194,0
41,88,153,195,0
41,102,154,165,0
41,112,155,218,0
42,22,156,103,3.048
42,23,157,156,3.048
42,24,158,157,3.048
47,31,159,148,0
42,119,160,166,0
42,141,161,167,0
52,19,162,156,0
46,27,163,158,0
43,98,164,184,0
43,102,165,222,0
43,116,166,218,0
43,140,167,189,0
45,146,168,167,0
47,65,169,144,0
45,68,170,144,3.048
44,95,171,184,0
44,123,172,185,0
44,161,173,201,0
45,70,174,170,0
45,90,175,196,0
45,92,176,200,0
45,137,177,189,0
47,45,178,134,0
49,48,179,134,0
54,52,180,134,0
50,56,181,150,0
54,61,182,150,0
47,68,183,170,3.048
46,95,184,217,0
46,120,185,251,0
46,155,186,225,0
47,105,187,223,0
47,107,188,223,0
47,136,189,246,0
47,149,190,270,0
47,161,191,201,0
47,296,192,234,0
50,67,193,183,0
49,70,194,183,3.048
48,87,195,220,3.048
48,88,196,195,3.048
48,96,197,217,0
49,75,198,204,0
53,87,199,220,0
49,89,200,196,3.048
49,159,201,225,0
51,69,202,194,0
50,72,203,194,3.048
50,73,204,203,3.048
50,74,205,204,3.048
50,76,206,205,3.048
50,79,207,206,0
50,90,208,200,3.048
50,92,209,208,0
54,72,210,203,0
58,73,211,204,0
56,74,212,205,0
51,78,213,206,3.048
52,81,214,213,3.048
55,89,215,208,0
53,92,216,208,3.048
51,96,217,221,0
51,111,218,229,0
56,79,219,213,0
52,82,220,214,3.048
52,97,221,233,3.048
52,102,222,221,3.048
52,103,223,222,0
52,148,224,295,0
52,157,225,267,0
52,167,226,267,0
52,305,227,241,0
55,82,228,214,0
55,105,229,222,3.048
53,123,230,238,0
53,308,231,241,0
59,91,232,216,0
54,95,233,216,3.048
54,292,234,297,0
58,58,235,182,0
56,62,236,182,0
59,95,237,233,0
55,121,238,243,3.048
55,152,239,296,0
55,295,240,234,0
55,307,241,261,0
57,106,242,229,3.048
56,116,243,252,3.048
59,120,244,243,0
63,122,245,238,0
57,123,246,238,3.048
56,169,247,286,0
61,57,248,249,0
57,62,249,236,0
58,65,250,236,0
57,113,251,258,3.048
57,115,252,251,3.048
57,301,253,261,0
57,312,254,269,0
61,63,255,249,0
59,105,256,242,0
59,109,257,242,3.048
58,112,258,257,3.048
64,120,259,252,0
61,128,260,246,3.048
58,307,261,269,0
61,114,262,258,0
61,93,263,237,0
66,97,264,237,0
67,110,265,257,0
60,136,266,279,0
60,155,267,310,0
60,168,268,286,0
60,307,269,288,0
61,130,270,260,3.048
61,161,271,323,0
61,297,272,327,0
61,304,273,288,0
64,60,274,255,0
64,65,275,255,0
62,85,276,306,0
67,127,277,260,0
62,133,278,270,3.048
62,134,279,278,2.134
62,138,280,285,0
62,172,281,311,0
62,312,282,339,0
63,67,283,275,0
73,132,284,278,0
63,137,285,279,2.134
63,164,286,311,0
63,276,287,326,0
63,305,288,327,0
63,317,289,339,0
64,81,290,317,0
65,141,291,285,2.134
66,67,292,275,0
68,120,293,259,0
67,123,294,259,0
65,142,295,291,2.134
65,143,296,295,2.134
65,284,297,326,0
65,287,298,297,0
67,141,299,291,0
67,142,300,295,0
67,145,301,296,2.134
66,272,302,341,0
69,65,303,292,0
67,68,304,292,0
67,74,305,304,0
67,84,306,317,0
68,90,307,306,0
69,104,308,265,0
69,138,309,299,0
69,150,310,301,2.134
67,162,311,323,0
67,176,312,393,0
67,295,313,359,0
67,323,314,425,0
68,58,315,328,0
71,71,316,304,0
68,83,317,369,0
72,93,318,307,0
72,112,319,265,0
70,138,320,299,0
73,142,321,301,0
80,140,322,301,0
68,157,323,331,0
68,186,324,393,0
68,268,325,351,0
68,275,326,337,0
68,302,327,343,0
69,60,328,303,0
70,90,329,307,0
71,101,330,308,0
71,153,331,310,2.134
69,169,332,384,0
73,57,333,328,0
71,64,334,303,0
77,103,335,308,0
72,150,336,310,0
70,274,337,341,0
70,276,338,337,0
70,306,339,343,0
74,75,340,316,0
71,271,341,351,0
71,291,342,374,0
71,302,343,359,0
71,318,344,424,0
74,67,345,316,0
77,61,346,316,0
75,97,347,330,0
75,101,348,330,0
74,153,349,331,2.134
72,262,350,388,0
72,269,351,388,0
78,111,352,319,0
73,112,353,319,0
74,119,354,353,0
75,139,355,321,0
73,167,356,391,0
73,189,357,534,0
73,293,358,374,0
73,299,359,404,0
73,311,360,389,0
74,86,361,375,0
76,114,362,353,0
76,122,363,354,0
75,140,364,321,0
74,180,365,466,0
74,184,366,450,0
74,257,367,418,0
79,75,368,340,0
75,76,369,340,0
77,122,370,354,0
76,153,371,349,2.134
75,157,372,349,0
75,284,373,541,0
75,293,374,404,0
78,80,375,369,0
78,96,376,348,0
80,98,377,348,0
85,143,378,371,0
76,286,379,443,0
76,306,380,422,0
76,311,381,389,0
77,107,382,352,0
79,125,383,370,0
78,154,384,371,2.134
77,195,385,431,0
77,245,386,452,0
77,249,387,452,0
77,262,388,418,0
77,308,389,422,0
79,123,390,370,0
78,162,391,401,0
78,164,392,391,0
78,168,393,429,0
78,197,394,431,0
78,257,395,433,0
78,322,396,424,0
81,83,397,375,0
79,89,398,397,0
79,111,399,352,0
84,149,400,384,0
79,155,401,384,2.134
79,191,402,467,0
79,275,403,570,0
79,293,404,443,0
82,73,405,368,0
83,77,406,368,0
85,105,407,408,0
80,110,408,399,0
84,119,409,399,0
82,127,410,383,0
80,128,411,383,0
80,131,412,410,0
81,156,413,401,2.134
80,172,414,503,0
80,189,415,476,0
80,241,416,485,0
80,255,417,454,0
80,259,418,433,0
80,269,419,470,0
80,279,420,556,0
80,301,421,456,0
80,305,422,457,0
80,312,423,422,0
80,323,424,444,0
80,326,425,444,0
80,328,426,425,0
81,333,427,426,0
87,109,428,408,0
83,161,429,413,2.134
81,179,430,450,0
81,195,431,467,0
81,202,432,658,0
81,258,433,454,0
81,285,434,529,0
81,292,435,455,0
84,330,436,426,0
82,335,437,427,0
82,68,438,405,0
83,83,439,397,0
83,157,440,413,0
82,207,441,483,0
82,264,442,470,0
82,290,443,455,0
82,323,444,487,0
84,336,445,427,0
86,70,446,405,0
87,73,447,405,0
83,127,448,410,0
83,132,449,448,0
83,177,450,466,0
83,238,451,485,0
83,247,452,508,0
83,252,453,486,0
83,256,454,486,0
83,290,455,509,0
83,301,456,509,0
83,302,457,456,0
83,313,458,457,0
83,319,459,494,0
84,83,460,439,0
85,85,461,439,0
85,128,462,448,0
85,134,463,448,0
84,162,464,429,2.134
85,165,465,464,0
84,176,466,503,0
84,189,467,476,0
84,206,468,483,0
84,210,469,483,0
84,264,470,555,0
88,341,471,445,0
86,81,472,460,0
89,79,473,460,0
85,101,474,407,0
85,162,475,464,2.134
85,187,476,504,0
87,335,477,445,0
88,86,478,461,0
87,87,479,461,0
87,103,480,407,0
87,151,481,475,0
87,164,482,475,2.134
86,208,483,523,0
86,236,484,518,0
86,245,485,508,0
86,254,486,537,0
86,319,487,494,0
87,323,488,487,0
86,327,489,488,0
89,94,490,479,0
87,222,491,596,0
87,234,492,518,0
87,267,493,539,0
87,317,494,531,0
88,325,495,488,0
88,87,496,479,0
94,105,497,428,0
88,110,498,428,0
89,115,499,498,0
91,126,500,499,0
94,160,501,482,0
88,165,502,482,2.134
88,167,503,502,0
88,184,504,551,0
88,190,505,504,0
88,204,506,619,0
88,225,507,597,0
88,247,508,535,0
88,291,509,529,0
90,85,510,496,0
96,84,511,496,0
92,91,512,496,0
90,96,513,490,0
93,112,514,498,0
92,167,515,502,2.134
89,211,516,523,0
89,216,517,635,0
89,235,518,581,0
92,341,519,471,0
91,344,520,471,0
91,96,521,490,0
91,121,522,499,0
90,209,523,595,0
90,250,524,536,0
91,291,525,529,0
91,136,526,604,0
91,229,527,581,0
91,240,528,606,0
91,288,529,543,0
92,293,530,525,0
91,314,531,611,0
96,323,532,531,0
92,142,533,624,0
92,168,534,515,0
92,247,535,583,0
92,248,536,535,0
92,249,537,536,0
93,256,538,537,0
92,263,539,568,0
92,265,540,539,0
92,279,541,556,0
92,283,542,541,0
92,284,543,542,0
94,294,544,525,0
92,301,545,609,0
92,310,546,592,0
92,330,547,601,0
95,92,548,512,0
95,95,549,512,0
97,118,550,514,0
93,168,551,515,2.134
94,173,552,534,0
93,188,553,674,0
93,216,554,596,0
93,257,555,538,0
93,275,556,571,0
94,285,557,542,0
95,287,558,543,0
93,308,559,592,0
95,103,560,497,0
96,111,561,514,0
94,126,562,550,0
94,149,563,615,0
97,170,564,551,2.134
99,255,565,538,0
94,258,566,555,0
94,262,567,566,0
94,263,568,567,0
95,268,569,568,0
94,272,570,588,0
94,274,571,570,0
94,325,572,532,0
94,334,573,601,0
101,102,574,497,0
95,137,575,604,0
95,154,576,577,0
96,157,577,501,0
99,161,578,501,0
95,182,579,617,0
95,208,580,595,0
95,228,581,597,0
95,235,582,654,0
95,244,583,606,0
97,249,584,583,0
99,259,585,566,0
98,262,586,567,0
100,266,587,568,0
95,271,588,569,0
98,274,589,588,0
97,278,590,571,0
97,291,591,558,0
95,309,592,611,0
97,91,593,548,0
106,102,594,548,0
96,204,595,619,0
96,218,596,635,0
96,224,597,644,0
96,269,598,569,0
99,272,599,598,0
97,288,600,558,0
96,328,601,612,0
98,109,602,561,0
100,113,603,561,0
97,140,604,623,0
98,152,605,577,0
97,242,606,654,0
101,269,607,598,0
102,285,608,590,0
98,293,609,591,0
97,306,610,637,0
97,307,611,637,0
97,324,612,532,0
101,125,613,550,0
98,135,614,623,0
98,151,615,605,0
98,168,616,564,0
98,171,617,564,2.134
98,188,618,658,0
98,201,619,659,0
98,278,620,590,0
99,291,621,591,0
102,328,622,612,0
99,140,623,670,0
99,150,624,615,0
104,155,625,605,0
102,173,626,617,2.134
102,278,627,620,0
100,281,628,620,0
100,293,629,609,0
99,295,630,609,0
99,316,631,663,0
99,338,632,666,0
101,148,633,624,0
100,197,634,659,0
100,218,635,644,0
100,232,636,705,0
100,304,637,699,0
103,111,638,603,0
103,115,639,603,0
101,132,640,669,0
104,144,641,633,0
101,192,642,692,0
101,207,643,715,0
101,218,644,693,0
101,247,645,662,0
106,291,646,629,0
109,294,647,629,0
101,317,648,664,0
101,332,649,622,0
101,342,650,666,0
111,151,651,633,0
103,169,652,626,0
102,182,653,687,0
102,239,654,662,0
102,309,655,678,0
104,165,656,652,0
103,173,657,626,2.134
103,185,658,700,0
103,195,659,703,0
103,228,660,696,0
103,230,661,696,0
103,239,662,688,0
103,312,663,678,0
103,314,664,663,0
103,322,665,679,0
103,337,666,622,0
107,113,667,639,0
109,117,668,639,0
105,139,669,670,0
104,141,670,641,0
107,166,671,652,0
106,171,672,657,0
104,174,673,657,2.134
104,175,674,673,2.134
104,204,675,714,0
107,245,676,688,0
104,263,677,733,0
104,308,678,699,0
106,318,679,664,0
105,127,680,740,0
108,144,681,641,0
106,153,682,683,0
105,155,683,625,0
106,157,684,625,0
113,167,685,673,0
105,176,686,674,2.134
107,179,687,686,2.134
105,238,688,697,0
110,133,689,669,0
112,159,690,683,0
111,178,691,686,0
106,191,692,702,2.134
106,209,693,715,0
108,211,694,693,0
106,220,695,751,0
106,231,696,723,0
106,237,697,705,0
106,250,698,676,0
106,303,699,736,0
107,181,700,687,2.134
107,183,701,700,2.134
107,186,702,701,2.134
107,192,703,692,2.134
107,227,704,773,0
107,236,705,723,0
108,239,706,697,0
107,275,707,752,0
108,320,708,679,0
111,181,709,700,0
113,181,710,701,0
112,188,711,702,0
112,197,712,703,2.134
108,203,713,712,0
108,204,714,713,0
108,206,715,714,0
108,247,716,676,0
108,254,717,744,0
108,270,718,763,0
110,327,719,708,0
108,345,720,729,0
108,351,721,729,0
109,205,722,713,0
109,235,723,758,0
109,259,724,733,0
109,280,725,752,0
110,299,726,736,0
109,312,727,737,0
113,323,728,708,0
109,345,729,801,0
111,123,730,740,0
113,140,731,689,0
110,215,732,751,0
110,257,733,744,0
110,267,734,763,0
110,285,735,753,0
110,303,736,755,0
110,306,737,736,0
113,315,738,737,0
110,337,739,808,0
111,130,740,741,0
112,131,741,689,0
111,243,742,758,0
112,224,743,817,0
112,255,744,787,0
112,330,745,843,0
112,360,746,820,0
115,131,747,741,0
115,183,748,711,0
118,189,749,711,0
116,197,750,712,2.134
113,218,751,876,0
113,272,752,774,0
113,280,753,764,0
114,284,754,753,0
113,303,755,766,0
118,312,756,755,0
114,115,757,783,0
114,233,758,773,0
114,261,759,787,0
114,299,760,766,0
115,119,761,783,0
116,138,762,769,0
115,269,763,774,0
115,277,764,779,0
115,290,765,796,0
115,302,766,780,0
115,351,767,790,0
120,128,768,747,0
117,133,769,747,0
116,145,770,784,0
116,201,771,750,0
116,210,772,804,0
116,231,773,818,0
116,270,774,779,0
116,279,775,764,0
117,170,776,852,0
118,198,777,750,2.134
117,247,778,857,0
117,270,779,833,0
117,302,780,797,0
127,308,781,780,0
117,316,782,756,0
118,120,783,811,0
120,136,784,769,0
118,152,785,813,0
118,251,786,841,0
118,255,787,841,0
118,290,788,796,0
118,319,789,799,0
118,344,790,801,0
119,162,791,871,0
121,186,792,749,0
120,188,793,749,0
119,197,794,777,2.134
122,202,795,777,0
119,288,796,858,0
119,300,797,859,0
120,303,798,797,0
120,313,799,756,0
119,325,800,843,0
119,341,801,808,0
120,350,802,790,0
124,198,803,794,2.134
124,203,804,794,0
120,211,805,855,0
120,259,806,889,0
120,321,807,829,0
120,339,808,860,0
120,359,809,820,0
120,364,810,830,0
125,122,811,768,0
124,130,812,768,0
121,143,813,784,0
121,157,814,851,0
123,185,815,793,0
122,188,816,793,0
121,226,817,876,0
121,227,818,817,0
121,314,819,799,0
121,362,820,830,0
122,114,821,845,0
124,147,822,813,0
122,176,823,852,0
124,232,824,818,0
122,237,825,839,0
122,280,826,878,0
122,295,827,859,0
129,318,828,819,0
123,318,829,819,0
122,363,830,864,0
123,179,831,832,0
125,181,832,815,0
123,265,833,1043,0
123,273,834,833,0
123,333,835,882,0
125,105,836,867,0
126,184,837,815,0
124,211,838,902,0
125,237,839,824,0
124,244,840,857,0
124,252,841,889,0
124,283,842,858,0
125,321,843,829,0
124,360,844,864,0
125,116,845,846,0
125,121,846,811,0
128,129,847,812,0
126,134,848,812,0
125,154,849,929,0
127,161,850,851,0
125,165,851,870,0
125,176,852,873,0
125,195,853,803,0
128,196,854,803,2.134
125,204,855,804,0
128,233,856,824,0
125,242,857,877,0
125,281,858,878,0
125,293,859,880,0
125,336,860,882,0
125,338,861,860,0
125,345,862,940,0
125,352,863,1048,0
125,363,864,890,0
125,366,865,890,0
126,109,866,867,0
126,111,867,845,0
133,111,868,846,0
129,122,869,811,0
126,167,870,871,0
126,170,871,872,0
127,174,872,873,0
126,176,873,874,0
126,178,874,832,0
130,208,875,855,0
126,220,876,903,0
126,239,877,839,0
126,279,878,972,0
126,289,879,905,0
126,292,880,905,0
127,294,881,880,0
126,333,882,931,0
126,366,883,890,0
130,134,884,848,0
127,136,885,848,0
133,162,886,870,0
128,179,887,874,0
129,242,888,877,0
127,252,889,936,0
127,364,890,916,0
132,141,891,885,0
128,142,892,885,0
129,173,893,872,0
129,104,894,868,0
129,156,895,929,0
133,175,896,893,0
133,179,897,887,0
131,182,898,887,0
130,193,899,900,0
129,195,900,854,2.134
132,199,901,854,0
129,210,902,875,0
131,214,903,902,0
129,257,904,990,0
129,288,905,958,0
129,361,906,916,0
131,120,907,869,0
131,125,908,869,0
133,170,909,893,0
130,190,910,899,0
135,195,911,900,2.134
130,229,912,948,0
130,268,913,971,0
130,302,914,994,0
130,324,915,951,0
130,364,916,964,0
130,367,917,916,0
131,91,918,941,0
134,116,919,907,0
131,191,920,899,0
132,208,921,875,0
133,217,922,903,0
131,248,923,936,0
131,265,924,1017,0
131,272,925,971,0
133,119,926,907,0
134,121,927,907,0
132,150,928,943,0
132,161,929,886,0
132,272,930,982,0
132,331,931,951,0
132,345,932,940,0
137,144,933,891,0
135,146,934,891,0
134,233,935,948,0
133,248,936,990,0
133,312,937,974,0
133,332,938,931,0
133,335,939,938,0
133,342,940,962,0
135,107,941,942,0
134,110,942,868,0
134,161,943,886,0
136,166,944,909,0
136,170,945,909,0
140,215,946,922,0
136,224,947,922,0
134,225,948,947,0
134,282,949,972,0
134,310,950,974,0
134,326,951,960,0
143,111,952,942,0
142,116,953,927,0
137,123,954,927,0
136,160,955,943,0
136,188,956,911,0
135,238,957,1002,0
135,282,958,972,0
135,301,959,983,0
135,325,960,1019,0
139,329,961,960,0
135,341,962,938,0
135,343,963,962,0
135,364,964,976,0
135,372,965,964,0
136,87,966,1033,0
138,102,967,941,0
137,135,968,987,0
138,152,969,955,0
139,197,970,911,2.134
136,267,971,982,0
136,281,972,1029,0
136,287,973,958,0
136,311,974,1058,0
136,359,975,996,0
136,363,976,996,0
137,99,977,998,0
139,157,978,955,0
139,169,979,945,0
139,174,980,945,0
137,225,981,947,0
137,267,982,1003,0
137,294,983,994,0
137,318,984,1018,0
140,367,985,976,0
141,120,986,954,0
138,124,987,954,0
143,220,988,981,0
139,229,989,981,0
138,249,990,1028,0
138,252,991,1028,0
138,269,992,1003,0
138,273,993,1067,0
138,292,994,1029,0
138,300,995,983,0
138,360,996,1021,0
139,82,997,1032,0
139,101,998,967,0
145,103,999,967,0
140,124,1000,987,0
142,204,1001,970,2.134
139,234,1002,989,0
139,265,1003,1017,0
139,346,1004,1069,0
140,372,1005,985,0
142,95,1006,998,0
140,139,1007,1061,0
143,165,1008,979,0
144,171,1009,979,0
143,177,1010,1036,0
141,196,1011,970,0
140,209,1012,1054,0
145,224,1013,989,0
141,229,1014,989,0
140,235,1015,1002,0
141,238,1016,1015,0
140,260,1017,1044,0
140,318,1018,1046,0
140,319,1019,1018,0
141,322,1020,1019,0
140,358,1021,1048,0
141,360,1022,1021,0
142,125,1023,1000,0
142,127,1024,1000,0
143,233,1025,1015,0
141,239,1026,1016,0
142,244,1027,1026,0
141,249,1028,1041,0
141,279,1029,1082,0
141,352,1030,1060,0
143,366,1031,985,0
142,91,1032,1033,0
142,93,1033,1006,0
142,144,1034,1061,0
144,183,1035,1036,0
142,187,1036,1126,0
143,227,1037,1014,0
143,231,1038,1014,0
145,237,1039,1016,0
157,242,1040,1026,0
142,248,1041,1027,0
143,251,1042,1041,0
142,256,1043,1056,0
142,257,1044,1043,0
144,263,1045,1044,0
142,315,1046,1058,0
142,336,1047,1069,0
142,355,1048,1060,0
147,87,1049,1032,0
146,94,1050,1006,0
152,112,1051,1023,0
149,127,1052,1023,0
149,203,1053,1001,2.134
143,205,1054,1001,0
159,249,1055,1027,0
143,255,1056,1042,0
145,258,1057,1056,0
143,308,1058,1084,0
144,315,1059,1046,0
143,354,1060,1103,0
144,139,1061,1115,0
146,162,1062,1008,0
149,167,1063,1008,0
144,211,1064,1054,0
150,251,1065,1042,0
150,255,1066,1056,0
146,269,1067,1045,0
144,296,1068,1102,0
144,338,1069,1150,0
145,77,1070,1098,0
145,149,1071,1137,0
145,159,1072,1062,0
149,263,1073,1045,0
145,302,1074,1092,0
145,333,1075,1134,0
146,83,1076,1099,0
148,102,1077,999,0
148,107,1078,999,0
149,231,1079,1080,0
146,236,1080,1039,0
149,238,1081,1039,0
146,276,1082,1101,0
148,284,1083,1082,0
146,303,1084,1092,0
146,343,1085,1151,0
146,351,1086,1103,0
147,136,1087,1114,0
148,162,1088,1062,0
149,234,1089,1080,0
148,271,1090,1067,0
147,288,1091,1102,0
147,301,1092,1146,0
147,327,1093,1165,0
147,331,1094,1134,0
147,355,1095,1103,0
147,374,1096,1154,0
148,76,1097,1098,0
148,79,1098,1105,0
148,85,1099,1049,0
148,87,1100,1049,0
148,272,1101,1090,0
148,286,1102,1083,0
148,352,1103,1168,0
152,76,1104,1105,0
149,80,1105,1106,0
149,81,1106,1107,0
149,84,1107,1099,0
157,90,1108,1100,0
150,89,1109,1100,0
149,100,1110,1077,0
150,103,1111,1077,0
151,105,1112,1077,0
150,124,1113,1052,0
149,138,1114,1115,0
149,139,1115,1157,0
152,272,1116,1090,0
152,275,1117,1101,0
152,293,1118,1083,0
149,294,1119,1118,0
151,80,1120,1106,0
154,84,1121,1107,0
150,97,1122,1110,0
153,100,1123,1110,0
153,129,1124,1052,0
155,136,1125,1114,0
150,202,1126,1053,0
154,206,1127,1053,0
150,213,1128,1143,0
153,235,1129,1081,0
155,239,1130,1081,0
157,261,1131,1073,0
155,264,1132,1073,0
150,311,1133,1084,0
150,332,1134,1149,0
150,345,1135,1167,0
150,360,1136,1200,0
151,147,1137,1183,0
151,152,1138,1184,0
151,171,1139,1205,0
151,175,1140,1205,0
151,180,1141,1186,0
154,200,1142,1126,0
151,211,1143,1127,0
156,253,1144,1066,0
155,257,1145,1066,0
151,297,1146,1118,0
153,302,1147,1146,0
151,319,1148,1225,0
151,331,1149,1165,0
151,333,1150,1149,0
151,340,1151,1150,0
152,342,1152,1151,0
151,365,1153,1201,0
151,370,1154,1179,0
151,374,1155,1154,0
164,143,1156,1157,0
152,146,1157,1137,0
152,154,1158,1204,0
152,186,1159,1187,0
152,192,1160,1188,0
154,216,1161,1143,0
152,219,1162,1161,0
152,224,1163,1189,0
153,299,1164,1146,0
152,327,1165,1173,0
157,335,1166,1150,0
152,344,1167,1152,0
152,350,1168,1177,0
154,270,1169,1116,0
157,270,1170,1116,0
156,274,1171,1117,0
153,276,1172,1117,0
153,326,1173,1194,0
153,328,1174,1173,0
161,341,1175,1152,0
153,347,1176,1167,0
153,348,1177,1176,0
154,355,1178,1168,0
153,368,1179,1201,0
155,371,1180,1179,0
155,100,1181,1123,0
155,103,1182,1123,0
154,151,1183,1184,0
154,152,1184,1204,0
154,182,1185,1186,0
154,184,1186,1187,0
154,186,1187,1206,0
154,192,1188,1142,0
154,222,1189,1209,0
154,227,1190,1189,0
159,274,1191,1172,0
154,278,1192,1172,0
158,291,1193,1192,0
154,325,1194,1225,0
156,328,1195,1194,0
156,346,1196,1176,0
160,351,1197,1177,0
154,356,1198,1178,0
154,357,1199,1198,0
154,359,1200,1199,0
154,362,1201,1200,0
157,147,1202,1183,0
162,149,1203,1204,0
155,153,1204,1222,0
155,175,1205,1314,0
156,191,1206,1188,0
161,201,1207,1142,0
159,214,1208,1127,0
155,218,1209,1161,0
158,222,1210,1209,0
159,282,1211,1192,0
155,308,1212,1308,0
155,316,1213,1280,0
156,356,1214,1178,0
157,357,1215,1198,0
157,362,1216,1199,0
156,98,1217,1181,0
157,99,1218,1181,0
158,119,1219,1226,0
157,135,1220,1125,0
157,138,1221,1125,0
156,154,1222,1255,0
161,255,1223,1145,0
163,259,1224,1145,0
156,320,1225,1230,0
157,124,1226,1236,0
162,153,1227,1222,0
157,167,1228,1284,0
162,190,1229,1206,0
157,319,1230,1281,0
159,322,1231,1230,0
158,99,1232,1218,0
160,102,1233,1218,0
160,112,1234,1219,0
165,121,1235,1226,0
158,128,1236,1220,0
160,135,1237,1220,0
158,160,1238,1255,0
158,171,1239,1285,0
160,266,1240,1170,0
162,269,1241,1170,0
158,311,1242,1280,0
160,96,1243,1232,0
159,99,1244,1232,0
159,118,1245,1219,0
160,127,1246,1236,0
159,163,1247,1272,0
159,182,1248,1286,0
160,217,1249,1208,0
159,380,1250,1310,0
161,97,1251,1244,0
160,99,1252,1244,0
165,116,1253,1245,0
164,118,1254,1245,0
160,161,1255,1271,0
163,215,1256,1208,0
162,220,1257,1249,0
162,264,1258,1240,0
163,272,1259,1279,0
161,280,1260,1211,0
161,283,1261,1211,0
161,284,1262,1211,0
160,369,1263,1360,0
164,100,1264,1252,0
163,102,1265,1252,0
161,110,1266,1234,0
163,112,1267,1234,0
164,131,1268,1237,0
164,136,1269,1237,0
162,159,1270,1271,0
161,162,1271,1272,0
161,163,1272,1284,0
162,204,1273,1207,0
164,220,1274,1249,0
161,229,1275,1330,0
161,232,1276,1330,0
163,266,1277,1240,0
163,275,1278,1279,0
161,279,1279,1260,0
161,312,1280,1336,0
161,313,1281,1280,0
162,316,1282,1281,0
161,378,1283,1322,0
162,166,1284,1285,0
162,171,1285,1314,0
162,185,1286,1296,0
162,201,1287,1207,0
163,203,1288,1287,0
164,279,1289,1260,0
166,284,1290,1261,0
165,288,1291,1261,0
162,296,1292,1308,0
163,387,1293,1310,0
166,181,1294,1286,0
166,182,1295,1286,0
163,189,1296,1229,0
166,191,1297,1229,0
165,200,1298,1287,0
164,208,1299,1288,0
163,234,1300,1331,0
163,290,1301,1317,0
164,110,1302,1267,0
167,111,1303,1267,0
164,128,1304,1268,0
169,187,1305,1296,0
165,206,1306,1288,0
164,237,1307,1331,0
164,296,1308,1317,0
164,331,1309,1358,0
164,382,1310,1322,0
168,128,1311,1268,0
167,133,1312,1269,0
167,138,1313,1269,0
165,177,1314,1294,0
166,276,1315,1289,0
166,278,1316,1289,0
165,289,1317,1291,0
165,319,1318,1337,0
165,355,1319,1447,0
165,360,1320,1360,0
165,374,1321,1395,0
165,381,1322,1341,0
166,386,1323,1341,0
167,119,1324,1235,0
167,121,1325,1235,0
166,176,1326,1314,0
170,181,1327,1294,0
167,201,1328,1298,0
167,203,1329,1298,0
166,231,1330,1372,0
166,236,1331,1404,0
166,240,1332,1353,0
166,243,1333,1353,0
176,289,1334,1291,0
171,298,1335,1317,0
166,309,1336,1356,0
167,318,1337,1336,0
166,334,1338,1358,0
166,339,1339,1441,0
166,348,1340,1566,0
166,381,1341,1361,0
170,172,1342,1326,0
168,178,1343,1326,0
167,246,1344,1480,0
168,282,1345,1290,0
168,284,1346,1290,0
167,324,1347,1337,0
169,136,1348,1313,0
170,140,1349,1313,0
172,195,1350,1328,0
171,203,1351,1328,0
168,224,1352,1372,0
168,241,1353,1404,0
168,251,1354,1430,0
168,302,1355,1385,0
168,307,1356,1386,0
169,312,1357,1356,0
168,328,1358,1446,0
168,339,1359,1423,0
168,359,1360,1432,0
168,380,1361,1387,0
168,382,1362,1361,0
169,150,1363,1388,0
170,284,1364,1346,0
171,286,1365,1346,0
172,318,1366,1357,0
169,370,1367,1433,0
169,378,1368,1387,0
170,154,1369,1389,0
171,165,1370,1342,0
170,216,1371,1351,0
170,232,1372,1380,0
171,312,1373,1357,0
171,149,1374,1388,0
173,159,1375,1370,0
172,173,1376,1342,0
179,183,1377,1327,0
172,183,1378,1327,0
171,230,1379,1380,0
171,232,1380,1436,0
171,260,1381,1431,0
171,266,1382,1431,0
172,282,1383,1364,0
172,284,1384,1364,0
171,300,1385,1335,0
171,305,1386,1385,0
171,376,1387,1395,0
172,151,1388,1389,0
172,155,1389,1375,0
173,165,1390,1370,0
172,204,1391,1351,0
173,207,1392,1391,0
173,299,1393,1335,0
173,307,1394,1386,0
172,375,1395,1433,0
172,390,1396,1514,0
174,150,1397,1388,0
179,170,1398,1376,0
187,184,1399,1376,0
177,191,1400,1350,0
174,194,1401,1350,0
174,203,1402,1391,0
175,209,1403,1392,0
173,237,1404,1436,0
173,247,1405,1480,0
173,254,1406,1430,0
173,328,1407,1441,0
173,338,1408,1423,0
173,356,1409,1432,0
173,365,1410,1485,0
174,143,1411,1444,0
177,146,1412,1397,0
176,159,1413,1375,0
180,204,1414,1392,0
174,238,1415,1436,0
174,256,1416,1509,0
174,268,1417,1463,0
174,276,1418,1526,0
175,298,1419,1393,0
178,301,1420,1393,0
175,306,1421,1394,0
178,311,1422,1394,0
174,336,1423,1527,0
175,117,1424,1442,0
175,125,1425,1489,0
176,151,1426,1397,0
175,212,1427,1403,0
175,218,1428,1459,0
175,222,1429,1478,0
175,252,1430,1499,0
175,263,1431,1463,0
175,353,1432,1447,0
175,372,1433,1471,0
176,116,1434,1442,0
180,211,1435,1403,0
176,236,1436,1454,0
176,248,1437,1499,0
177,304,1438,1421,0
178,306,1439,1421,0
176,314,1440,1422,0
176,325,1441,1446,0
177,118,1442,1487,0
178,140,1443,1444,0
177,144,1444,1412,0
177,270,1445,1545,0
177,322,1446,1482,0
177,351,1447,1484,0
178,135,1448,1449,0
179,137,1449,1443,0
183,147,1450,1412,0
179,189,1451,1400,0
180,189,1452,1400,0
178,229,1453,1460,0
178,234,1454,1479,0
178,314,1455,1468,0
178,351,1456,1484,0
178,376,1457,1471,0
180,139,1458,1443,0
179,216,1459,1435,0
179,228,1460,1478,0
180,237,1461,1454,0
179,259,1462,1537,0
179,263,1463,1537,0
179,294,1464,1546,0
181,305,1465,1439,0
185,307,1466,1439,0
183,312,1467,1422,0
179,312,1468,1422,0
183,316,1469,1468,0
179,361,1470,1575,0
179,371,1471,1485,0
180,131,1472,1473,0
180,136,1473,1449,0
182,167,1474,1398,0
186,174,1475,1398,0
184,196,1476,1414,0
181,218,1477,1459,0
180,223,1478,1477,0
180,230,1479,1460,0
180,241,1480,1461,0
180,268,1481,1545,0
180,322,1482,1594,0
180,324,1483,1482,0
180,348,1484,1595,0
180,370,1485,1540,0
180,389,1486,1514,0
181,126,1487,1488,0
181,127,1488,1489,0
181,128,1489,1472,0
189,131,1490,1472,0
187,138,1491,1473,0
182,187,1492,1452,0
183,189,1493,1452,0
187,201,1494,1414,0
182,210,1495,1435,0
182,230,1496,1479,0
185,234,1497,1461,0
181,242,1498,1480,0
181,244,1499,1498,0
181,254,1500,1509,0
181,279,1501,1526,0
181,329,1502,1527,0
181,394,1503,1586,0
184,123,1504,1487,0
195,124,1505,1488,0
183,218,1506,1477,0
188,227,1507,1477,0
184,243,1508,1498,0
182,249,1509,1499,0
184,164,1510,1474,0
187,168,1511,1474,0
183,282,1512,1552,0
183,285,1513,1609,0
183,383,1514,1586,0
185,112,1515,1516,0
184,119,1516,1517,0
184,122,1517,1504,0
185,146,1518,1450,0
185,148,1519,1450,0
184,158,1520,1521,0
186,160,1521,1510,0
184,194,1522,1476,0
189,213,1523,1506,0
194,224,1524,1506,0
185,237,1525,1508,0
184,278,1526,1552,0
184,326,1527,1594,0
184,369,1528,1540,0
184,374,1529,1528,0
189,116,1530,1516,0
192,117,1531,1517,0
190,121,1532,1504,0
186,163,1533,1510,0
186,195,1534,1476,0
187,241,1535,1508,0
187,247,1536,1508,0
185,260,1537,1571,0
185,294,1538,1546,0
185,367,1539,1555,0
185,368,1540,1555,0
188,374,1541,1528,0
186,155,1542,1557,0
186,156,1543,1549,0
186,255,1544,1564,0
186,266,1545,1571,0
186,297,1546,1619,0
186,359,1547,1575,0
186,394,1548,1567,0
187,158,1549,1550,0
187,159,1550,1521,0
190,163,1551,1521,0
187,278,1552,1583,0
187,287,1553,1609,0
187,333,1554,1566,0
187,366,1555,1602,0
191,152,1556,1557,0
188,157,1557,1549,0
190,160,1558,1550,0
191,167,1559,1511,0
192,171,1560,1511,0
192,179,1561,1399,0
191,187,1562,1399,0
188,247,1563,1536,0
190,251,1564,1536,0
188,301,1565,1643,0
188,331,1566,1611,0
188,394,1567,1604,0
188,397,1568,1567,0
191,245,1569,1563,0
196,251,1570,1563,0
189,261,1571,1592,0
189,276,1572,1583,0
189,293,1573,1618,0
189,342,1574,1595,0
189,356,1575,1622,0
189,379,1576,1624,0
190,131,1577,1490,0
192,134,1578,1490,0
190,149,1579,1556,0
190,206,1580,1589,0
190,212,1581,1523,0
191,217,1582,1523,0
190,278,1583,1640,0
190,311,1584,1645,0
190,351,1585,1621,0
190,384,1586,1624,0
199,130,1587,1577,0
192,133,1588,1577,0
191,211,1589,1581,0
197,217,1590,1581,0
194,233,1591,1569,0
193,257,1592,1564,0
191,305,1593,1632,0
191,319,1594,1610,0
191,338,1595,1612,0
195,149,1596,1556,0
195,155,1597,1556,0
192,211,1598,1589,0
198,242,1599,1569,0
192,290,1600,1617,0
192,344,1601,1719,0
192,365,1602,1622,0
192,369,1603,1602,0
192,390,1604,1743,0
192,393,1605,1604,0
197,205,1606,1598,0
197,210,1607,1598,0
196,266,1608,1592,0
193,286,1609,1630,0
194,318,1610,1645,0
195,324,1611,1610,0
194,334,1612,1633,0
195,336,1613,1612,0
194,398,1614,1744,0
196,142,1615,1596,0
195,199,1616,1635,0
195,291,1617,1630,0
195,293,1618,1617,0
195,294,1619,1618,0
196,329,1620,1611,0
195,352,1621,1720,0
195,353,1622,1621,0
195,372,1623,1753,0
195,381,1624,1831,0
196,137,1625,1615,0
198,147,1626,1596,0
196,191,1627,1669,0
196,194,1628,1681,0
204,253,1629,1570,0
196,287,1630,1641,0
198,298,1631,1619,0
197,301,1632,1643,0
196,331,1633,1620,0
199,140,1634,1615,0
198,203,1635,1606,0
198,252,1636,1570,0
205,257,1637,1638,0
197,266,1638,1608,0
198,274,1639,1608,0
197,278,1640,1639,0
197,286,1641,1654,0
199,289,1642,1641,0
197,299,1643,1631,0
197,305,1644,1632,0
197,309,1645,1644,0
198,331,1646,1620,0
198,335,1647,1633,0
198,187,1648,1679,0
205,213,1649,1606,0
198,217,1650,1590,0
198,219,1651,1590,0
198,238,1652,1599,0
202,264,1653,1638,0
198,283,1654,1640,0
199,300,1655,1631,0
200,306,1656,1644,0
199,170,1657,1712,0
199,183,1658,1692,0
199,203,1659,1635,0
203,218,1660,1650,0
201,221,1661,1650,0
200,243,1662,1599,0
199,274,1663,1639,0
204,289,1664,1654,0
203,136,1665,1634,0
202,138,1666,1634,0
200,165,1667,1691,0
200,167,1668,1700,0
200,195,1669,1681,0
202,199,1670,1659,0
200,203,1671,1659,0
208,208,1672,1671,0
204,273,1673,1663,0
204,279,1674,1663,0
200,393,1675,1733,0
201,160,1676,1699,0
201,172,1677,1713,0
201,179,1678,1701,0
201,191,1679,1680,0
202,193,1680,1669,0
201,197,1681,1670,0
204,204,1682,1671,0
201,231,1683,-1,0
204,240,1684,1662,0
201,243,1685,1662,0
201,246,1686,1685,0
208,307,1687,1656,0
204,310,1688,1656,0
201,373,1689,1753,0
203,162,1690,1691,0
202,165,1691,1700,0
202,184,1692,1703,0
203,188,1693,1679,0
203,245,1694,1685,0
202,327,1695,1775,0
202,357,1696,1752,0
204,155,1697,1698,0
203,159,1698,1699,0
203,160,1699,1690,0
203,168,1700,1712,0
203,182,1701,1692,0
206,186,1702,1703,0
203,187,1703,1693,0
209,191,1704,1680,0
208,198,1705,1670,0
208,260,1706,1653,0
206,266,1707,1653,0
206,149,1708,1697,0
205,159,1709,1698,0
211,163,1710,1690,0
211,166,1711,1700,0
204,171,1712,1713,0
204,172,1713,1725,0
206,178,1714,1701,0
208,188,1715,1693,0
205,282,1716,1674,0
205,292,1717,1664,0
204,312,1718,1688,0
204,341,1719,1766,0
204,343,1720,1719,0
205,347,1721,1720,0
204,360,1722,1752,0
204,389,1723,1733,0
209,156,1724,1697,0
205,173,1725,1714,0
205,227,1726,1748,0
205,271,1727,1673,0
205,273,1728,1673,0
214,286,1729,1674,0
208,287,1730,1664,0
206,299,1731,1717,0
205,316,1732,1764,0
205,387,1733,1743,0
205,398,1734,1744,0
208,137,1735,1708,0
211,171,1736,1725,0
206,227,1737,1748,0
207,238,1738,-1,0
207,272,1739,1728,0
213,279,1740,1728,0
207,294,1741,1717,0
206,351,1742,1790,0
206,385,1743,1805,0
206,396,1744,1806,0
214,146,1745,1708,0
209,151,1746,1708,0
207,178,1747,1714,0
207,229,1748,1738,0
210,263,1749,1707,0
214,263,1750,1707,0
207,339,1751,1766,0
207,356,1752,1790,0
207,365,1753,1791,0
212,175,1754,1747,0
212,180,1755,1747,0
209,235,1756,1738,0
209,237,1757,1738,0
209,238,1758,-1,0
208,270,1759,1739,0
209,272,1760,1739,0
211,291,1761,1741,0
208,295,1762,1741,0
209,298,1763,1762,0
208,316,1764,1688,0
209,319,1765,1764,0
208,337,1766,1789,0
210,196,1767,1705,0
212,200,1768,1705,0
209,245,1769,-1,0
210,258,1770,1706,0
210,260,1771,1706,0
213,294,1772,1762,0
211,306,1773,1687,0
212,308,1774,1687,0
210,322,1775,1765,0
211,329,1776,1775,0
215,155,1777,1724,0
212,158,1778,1724,0
210,224,1779,1824,0
212,268,1780,1760,0
212,272,1781,1760,0
221,294,1782,1763,0
219,301,1783,1763,0
220,319,1784,1765,0
210,360,1785,1842,0
210,365,1786,1791,0
211,219,1787,1823,0
212,250,1788,-1,0
211,333,1789,1776,0
211,349,1790,1816,0
211,363,1791,1857,0
211,377,1792,1820,0
211,380,1793,1820,0
211,386,1794,1805,0
213,141,1795,1745,0
212,313,1796,1774,0
221,326,1797,1776,0
213,335,1798,1789,0
212,345,1799,1815,0
212,395,1800,1806,0
213,138,1801,1795,0
219,272,1802,1781,0
217,277,1803,1781,0
213,308,1804,1774,0
213,383,1805,1866,0
213,393,1806,1926,0
215,139,1807,1795,0
215,254,1808,1827,0
220,286,1809,1740,0
215,281,1810,1740,0
217,305,1811,1812,0
214,308,1812,1804,0
214,311,1813,1804,0
219,336,1814,1798,0
214,345,1815,1798,0
214,347,1816,1815,0
214,349,1817,1816,0
215,353,1818,1817,0
214,367,1819,1857,0
214,376,1820,1831,0
216,147,1821,1745,0
215,215,1822,1850,0
217,219,1823,1824,0
215,224,1824,1839,0
215,227,1825,1851,0
215,243,1826,-1,0
215,244,1827,1826,0
215,248,1828,1827,0
218,309,1829,1812,0
217,349,1830,1817,0
215,375,1831,1891,0
215,389,1832,1866,0
216,168,1833,1858,0
219,175,1834,1835,0
216,179,1835,1836,0
216,181,1836,1837,0
216,186,1837,1854,0
226,222,1838,1839,0
216,225,1839,1851,0
220,245,1840,1826,0
218,353,1841,1818,0
216,356,1842,1818,0
216,370,1843,1889,0
219,142,1844,1821,0
220,147,1845,1821,0
218,177,1846,1835,0
218,180,1847,1836,0
222,182,1848,1837,0
217,208,1849,1859,0
218,216,1850,1823,0
217,229,1851,1862,0
219,360,1852,1842,0
219,195,1853,1854,0
218,198,1854,1855,0
219,199,1855,1859,0
218,314,1856,1829,0
218,362,1857,1852,0
219,174,1858,1834,0
219,208,1859,1883,0
220,214,1860,1850,0
223,233,1861,1862,0
219,237,1862,1875,0
218,265,1863,1802,0
222,310,1864,1829,0
219,375,1865,1891,0
219,382,1866,1926,0
221,151,1867,1845,0
220,159,1868,1869,0
225,167,1869,1858,0
225,178,1870,1834,0
223,191,1871,1853,0
221,194,1872,1853,0
223,198,1873,1855,0
226,201,1874,1859,0
220,243,1875,1840,0
220,256,1876,1886,0
222,274,1877,1802,0
221,336,1878,1814,0
220,339,1879,1814,0
225,358,1880,1852,0
220,361,1881,1852,0
223,150,1882,1845,0
221,212,1883,1860,0
222,215,1884,1860,0
226,237,1885,1875,0
224,249,1886,1840,0
223,332,1887,1878,0
229,362,1888,1881,0
221,363,1889,1881,0
223,367,1890,1889,0
221,373,1891,1900,0
224,211,1892,1883,0
227,298,1893,1864,0
223,337,1894,1878,0
223,259,1895,1915,0
224,270,1896,1877,0
223,275,1897,1877,0
224,310,1898,1864,0
223,341,1899,1909,0
223,370,1900,1890,0
226,375,1901,1900,0
225,186,1902,1871,0
229,189,1903,1871,0
224,260,1904,1915,0
225,272,1905,1897,0
224,275,1906,1897,0
226,334,1907,1894,0
224,338,1908,1894,0
224,339,1909,1908,0
225,348,1910,1923,0
224,368,1911,1890,0
229,207,1912,1892,0
226,211,1913,1892,0
228,248,1914,1886,0
225,257,1915,1954,0
232,272,1916,1906,0
225,276,1917,1906,0
225,279,1918,1917,0
225,288,1919,1939,0
226,311,1920,1898,0
226,312,1921,1898,0
226,340,1922,1908,0
227,342,1923,1909,0
229,368,1924,1911,0
227,370,1925,1911,0
225,376,1926,1901,0
227,166,1927,1869,0
232,212,1928,1838,0
228,278,1929,1917,0
226,320,1930,1942,0
226,356,1931,1880,0
227,358,1932,1880,0
227,378,1933,1901,0
229,194,1934,1874,0
231,197,1935,1874,0
227,223,1936,1838,0
227,233,1937,1885,0
228,237,1938,1885,0
227,285,1939,1946,0
228,289,1940,1939,0
227,311,1941,1920,0
228,315,1942,1920,0
237,221,1943,1936,0
231,226,1944,1936,0
230,263,1945,1954,0
229,281,1946,1929,0
228,291,1947,1940,0
233,307,1948,1941,0
239,317,1949,1941,0
230,344,1950,1923,0
234,230,1951,1938,0
233,236,1952,1938,0
231,246,1953,1914,0
229,251,1954,1914,0
232,276,1955,1929,0
230,291,1956,1940,0
230,317,1957,1942,0
229,319,1958,1957,0
230,187,1959,1903,0
231,188,1960,1903,0
236,253,1961,1954,0
235,287,1962,1946,0
232,244,1963,1953,0
242,327,1964,1957,0
230,329,1965,1950,0
233,345,1966,1950,0
231,351,1967,1983,0
233,209,1968,1928,0
233,244,1969,1953,0
232,300,1970,1978,0
234,211,1971,1928,0
233,241,1972,1969,0
233,352,1973,1983,0
236,233,1974,1952,0
235,235,1975,1952,0
238,240,1976,1969,0
237,245,1977,1969,0
234,304,1978,1979,0
234,305,1979,1948,0
241,310,1980,1948,0
241,333,1981,1966,0
234,347,1982,1966,0
234,349,1983,1982,0
235,211,1984,1971,0
235,213,1985,1971,0
236,215,1986,1985,0
237,299,1987,1978,0
236,303,1988,1979,0
238,350,1989,1982,0
235,363,1990,1996,0
239,202,1991,1984,0
240,211,1992,1984,0
237,215,1993,1985,0
240,287,1994,1962,0
239,293,1995,1962,0
236,361,1996,2008,0
237,195,1997,2011,0
237,250,1998,1999,0
237,252,1999,1961,0
237,262,2000,2013,0
237,265,2001,2014,0
241,302,2002,1988,0
238,304,2003,1988,0
239,364,2004,1996,0
240,255,2005,1999,0
238,256,2006,1961,0
238,274,2007,2020,0
238,353,2008,2017,0
242,361,2009,2008,0
240,192,2010,2011,0
239,197,2011,2012,0
239,198,2012,1991,0
239,262,2013,2028,0
239,264,2014,2013,0
241,321,2015,1949,0
240,346,2016,1989,0
239,351,2017,1989,0
243,196,2018,2012,0
241,201,2019,1991,0
243,273,2020,2014,0
240,280,2021,2041,0
248,318,2022,1949,0
242,352,2023,2017,0
245,207,2024,1992,0
243,213,2025,1992,0
243,224,2026,2051,0
246,256,2027,2005,0
242,259,2028,2005,0
244,261,2029,2028,0
242,299,2030,2002,0
242,302,2031,2002,0
246,343,2032,2023,0
244,216,2033,2025,0
243,240,2034,2058,0
243,280,2035,2042,0
246,299,2036,2031,0
246,305,2037,2031,0
245,353,2038,2023,0
244,213,2039,2025,0
244,274,2040,2020,0
244,275,2041,2040,0
245,277,2042,2041,0
246,204,2043,2024,0
249,210,2044,2039,0
248,213,2045,2039,0
246,228,2046,2051,0
245,247,2047,2052,0
251,275,2048,2040,0
246,358,2049,2038,0
250,205,2050,2024,0
245,236,2051,2058,0
247,247,2052,2027,0
246,279,2053,2042,0
249,287,2054,2053,0
247,329,2055,2072,0
247,341,2056,2032,0
246,353,2057,2038,0
246,240,2058,2059,0
247,245,2059,2052,0
248,258,2060,2027,0
248,280,2061,2053,0
247,293,2062,2054,0
247,305,2063,2037,0
255,318,2064,2037,0
247,339,2065,2056,0
256,342,2066,2032,0
252,348,2067,2057,0
248,355,2068,2057,0
250,244,2069,2059,0
250,302,2070,2063,0
249,305,2071,2063,0
249,337,2072,2056,0
253,256,2073,2060,0
250,262,2074,2060,0
250,289,2075,2054,0
259,344,2076,2068,0
252,357,2077,2068,0
250,223,2078,2123,0
250,229,2079,2080,0
251,241,2080,2069,0
253,248,2081,2069,0
250,264,2082,2074,0
253,303,2083,2071,0
255,308,2084,2071,0
253,332,2085,2086,0
250,336,2086,2072,0
250,360,2087,2077,0
251,217,2088,2112,0
252,263,2089,2074,0
252,273,2090,2048,0
255,335,2091,2086,0
253,242,2092,2080,0
252,275,2093,2048,0
252,326,2094,2085,0
255,260,2095,2089,0
255,264,2096,2089,0
255,274,2097,2093,0
257,279,2098,2093,0
258,353,2099,2077,0
256,360,2100,2077,0
254,233,2101,2102,0
255,241,2102,2092,0
257,247,2103,2092,0
254,295,2104,2108,0
254,325,2105,2106,0
254,327,2106,2107,0
254,331,2107,2085,0
256,287,2108,2126,0
256,323,2109,2106,0
257,331,2110,2107,0
256,214,2111,2112,0
256,221,2112,2123,0
261,239,2113,2102,0
257,258,2114,2095,0
258,259,2115,2095,0
266,265,2116,2096,0
257,266,2117,2096,0
258,293,2118,2108,0
256,306,2119,2084,0
256,308,2120,2084,0
257,316,2121,2064,0
258,319,2122,2064,0
257,223,2123,2140,0
257,225,2124,2140,0
257,281,2125,2098,0
257,282,2126,2125,0
257,284,2127,2126,0
261,306,2128,2120,0
265,310,2129,2120,0
260,361,2130,2100,0
257,364,2131,2100,0
261,277,2132,2098,0
261,284,2133,2125,0
258,298,2134,2118,0
260,326,2135,2136,0
258,329,2136,2110,0
260,332,2137,2110,0
260,349,2138,2099,0
259,208,2139,2204,0
259,224,2140,2150,0
262,300,2141,2118,0
261,317,2142,2122,0
264,320,2143,2122,0
261,326,2144,2136,0
261,352,2145,2099,0
260,205,2146,2191,0
261,221,2147,2150,0
260,230,2148,2163,0
262,346,2149,2138,0
261,225,2150,2169,0
264,236,2151,2113,0
261,332,2152,2137,0
262,336,2153,2137,0
262,347,2154,2138,0
263,356,2155,2130,0
269,359,2156,2130,0
264,242,2157,2113,0
273,272,2158,2132,0
264,280,2159,2132,0
266,330,2160,2152,0
264,334,2161,2152,0
263,214,2162,2221,0
264,233,2163,2151,0
265,244,2164,2157,0
265,292,2165,2159,0
268,340,2166,2161,0
265,202,2167,2180,0
265,221,2168,2169,0
265,226,2169,2181,0
265,233,2170,2163,0
265,237,2171,2151,0
267,243,2172,2157,0
265,245,2173,2164,0
265,248,2174,2173,0
265,253,2175,2186,0
266,280,2176,2159,0
266,318,2177,2143,0
267,319,2178,2143,0
271,335,2179,2161,0
266,204,2180,2191,0
269,230,2181,2170,0
271,237,2182,2170,0
270,244,2183,2164,0
266,246,2184,2173,0
266,250,2185,2184,0
266,251,2186,2185,0
266,257,2187,2195,0
266,263,2188,2116,0
266,327,2189,2160,0
268,202,2190,2180,0
267,208,2191,2192,0
267,209,2192,2204,0
271,249,2193,2184,0
271,252,2194,2185,0
267,253,2195,2186,0
268,263,2196,2116,0
272,265,2197,2116,0
270,277,2198,2176,0
270,283,2199,2176,0
270,315,2200,2178,0
268,329,2201,2160,0
268,346,2202,2213,0
269,207,2203,2192,0
268,210,2204,2220,0
274,258,2205,2195,0
268,293,2206,2216,0
268,304,2207,2227,0
271,320,2208,2178,0
269,327,2209,2201,0
270,204,2210,2203,0
269,301,2211,2227,0
273,329,2212,2201,0
269,357,2213,2156,0
271,206,2214,2203,0
270,230,2215,2181,0
270,284,2216,2199,0
274,354,2217,2213,0
274,360,2218,2156,0
277,209,2219,2220,0
271,215,2220,2221,0
271,217,2221,2230,0
275,228,2222,2215,0
272,233,2223,2215,0
272,282,2224,2199,0
274,288,2225,2216,0
275,215,2226,2230,0
272,299,2227,2253,0
272,305,2228,2244,0
272,306,2229,2244,0
272,218,2230,2252,0
275,264,2231,2197,0
276,268,2232,2197,0
274,278,2233,2224,0
279,278,2234,2224,0
273,293,2235,2237,0
273,340,2236,2240,0
277,291,2237,2225,0
275,326,2238,2212,0
274,329,2239,2212,0
274,343,2240,2249,0
277,235,2241,2222,0
281,284,2242,2225,0
275,297,2243,2253,0
275,303,2244,2281,0
277,327,2245,2239,0
275,330,2246,2239,0
276,332,2247,2246,0
276,341,2248,2240,0
275,346,2249,2259,0
276,351,2250,2217,0
277,353,2251,2217,0
276,227,2252,2222,0
276,295,2253,2237,0
276,308,2254,2274,0
276,312,2255,2274,0
282,328,2256,2246,0
280,332,2257,2246,0
278,343,2258,2249,0
276,348,2259,2250,0
277,220,2260,2261,0
277,224,2261,2262,0
277,225,2262,2252,0
277,318,2263,2275,0
280,346,2264,2259,0
278,350,2265,2250,0
281,218,2266,2261,0
284,228,2267,2262,0
278,240,2268,2298,0
280,293,2269,2237,0
280,352,2270,2251,0
279,355,2271,2251,0
279,242,2272,2295,0
279,250,2273,2288,0
279,309,2274,2282,0
279,313,2275,2282,0
282,320,2276,2275,0
280,256,2277,2289,0
281,274,2278,2234,0
283,279,2279,2234,0
282,292,2280,2269,0
281,294,2281,2269,0
281,307,2282,2285,0
285,290,2283,2281,0
282,296,2284,2281,0
282,306,2285,2297,0
285,312,2286,2285,0
278,200,2287,2302,0
283,247,2288,2295,0
283,252,2289,2288,0
283,263,2290,2313,0
283,267,2291,2309,0
290,295,2292,2284,0
287,218,2293,2267,0
285,231,2294,2267,0
284,240,2295,2298,0
286,256,2296,2289,0
285,304,2297,2284,0
285,236,2298,2294,0
285,268,2299,2309,0
285,288,2300,2283,0
290,212,2301,2302,0
286,217,2302,2293,0
287,232,2303,2294,0
287,259,2304,2296,0
288,288,2305,2283,0
287,304,2306,2297,0
291,225,2307,2303,0
288,256,2308,2296,0
287,266,2309,2313,0
289,218,2310,2293,0
289,229,2311,2312,0
288,232,2312,2303,0
288,266,2313,2343,0
288,273,2314,2374,0
300,300,2315,2306,0
288,306,2316,2306,0
290,309,2317,2316,0
288,314,2318,2328,0
288,321,2319,2338,0
288,325,2320,2338,0
290,233,2321,2312,0
289,248,2322,2327,0
290,308,2323,2316,0
289,316,2324,2328,0
290,204,2325,2326,0
290,206,2326,2301,0
292,239,2327,2321,0
290,312,2328,2337,0
292,204,2329,2326,0
298,207,2330,2301,0
294,232,2331,2321,0
291,263,2332,2343,0
295,293,2333,2292,0
295,295,2334,2292,0
296,306,2335,2323,0
291,309,2336,2323,0
291,310,2337,2336,0
291,319,2338,2351,0
292,278,2339,2355,0
300,308,2340,2336,0
295,313,2341,2337,0
296,242,2342,2327,0
293,265,2343,2381,0
293,281,2344,2355,0
294,251,2345,2354,0
294,322,2346,2357,0
297,230,2347,2331,0
307,236,2348,2331,0
295,254,2349,2366,0
295,285,2350,2369,0
295,315,2351,2341,0
296,318,2352,2351,0
295,325,2353,2364,0
297,247,2354,2342,0
296,276,2355,2368,0
298,314,2356,2341,0
296,319,2357,2352,0
296,329,2358,2370,0
297,217,2359,2373,0
301,226,2360,2347,0
301,244,2361,2342,0
297,286,2362,2369,0
301,322,2363,2352,0
297,322,2364,2357,0
302,230,2365,2347,0
299,249,2366,2354,0
300,268,2367,2392,0
298,274,2368,2374,0
298,284,2369,2383,0
298,323,2370,2364,0
300,202,2371,2330,0
301,206,2372,2330,0
299,220,2373,2360,0
299,270,2374,2381,0
300,277,2375,2368,0
299,313,2376,2356,0
302,316,2377,2356,0
302,329,2378,2370,0
302,216,2379,2373,0
302,254,2380,2366,0
300,269,2381,2367,0
309,271,2382,2381,0
301,281,2383,2375,0
301,311,2384,2376,0
302,312,2385,2376,0
301,213,2386,2379,0
301,241,2387,2361,0
303,267,2388,2367,0
310,275,2389,2375,0
303,225,2390,2360,0
304,245,2391,2361,0
302,257,2392,2380,0
302,282,2393,2383,0
305,211,2394,2379,0
303,222,2395,2390,0
311,256,2396,2380,0
309,260,2397,2392,0
306,280,2398,2393,0
304,285,2399,2393,0
305,223,2400,2390,0
308,228,2401,2390,0
305,288,2402,2399,0
304,291,2403,2402,0
306,221,2404,2400,0
306,243,2405,2391,0
307,246,2406,2391,0
306,285,2407,2399,0
305,293,2408,2402,0
308,214,2409,2404,0
308,223,2410,2400,0
308,220,2411,2404,0
312,282,2412,2407,0
309,286,2413,2407,0
311,232,2414,2401,0
311,243,2415,2406,0
310,247,2416,2406,0
312,228,2417,2401,0
313,263,2418,2397,0
312,264,2419,2397,0
311,241,2420,2415,0
311,247,2421,2416,0
313,249,2422,2416,0
313,239,2423,2415,0
314,244,2424,2421,0
315,246,2425,2421,0
314,280,2426,2412,0
315,283,2427,2412,0
315,248,2428,2422,0
317,253,2429,2422,0
322,264,2430,2418,0
314,264,2431,2418,0
315,271,2432,2431,0
316,266,2433,2431,0
319,259,2434,2429,0
318,267,2435,2433,0
319,270,2436,2433,0
