Date,StreamOut_Q,HortSroff2Stream_Q,DunnSroff2Stream_Q,Interflow2Stream_Q,Stream2Unsat_Q,StreamExchng2Sat_Q,Canopy_S,SnowPweqv_S,Imperv_S,Dprst_S,Cap_S,Grav_S,Unsat_S,Sat_S,UnsatStream_S,Lake_S,Stream_S,Precip_Q,NetBoundaryFlow2Sat_Q,NetWellFlow_Q,BoundaryStreamFlow_Q,CanopyEvap_Q,SnowEvap_Q,ImpervEvap_Q,DprstEvap_Q,CapET_Q,SwaleEvap_Q,UnsatET_Q,SatET_Q,LakeEvap_Q,DunnInterflow2Lake_Q,HortSroff2Lake_Q,Lake2Unsat_Q,LakeExchng2Sat_Q,SoilDrainage2Unsat_Q,Sat2Grav_Q,RechargeUnsat2Sat_Q,Infil2Soil_Q,KKITER
10/01/1990,  0.5681557E+05,  0.0000000E+00,  0.0000000E+00,  0.3098276E+03,  0.0000000E+00, -0.1696134E+06,  0.0000000E+00,  0.0000000E+00,  0.0000000E+00,  0.0000000E+00,  0.2027375E+06,  0.1064638E+04,  0.1952491E+08,  0.4727801E+10,  0.5027804E+07,  0.1357326E+05,  0.0000000E+00,  0.0000000E+00,  0.0000000E+00, -0.4265250E+04,  0.0000000E+00,  0.0000000E+00,  0.0000000E+00,  0.0000000E+00,  0.0000000E+00,  0.3476837E+05,  0.0000000E+00,  0.0000000E+00,  0.1114172E+06,  0.5334782E+03,  0.0000000E+00,  0.0000000E+00,  0.0000000E+00,  0.0000000E+00,  0.1071346E+02,  0.2393209E+06,  0.1003431E+03,  0.0000000E+00,   22
10/02/1990,  0.5272107E+05,  0.0000000E+00,  0.0000000E+00,  0.2871659E+04,  0.0000000E+00, -0.9831782E+05,  0.0000000E+00,  0.0000000E+00,  0.0000000E+00,  0.0000000E+00,  0.3295080E+06,  0.1252274E+05,  0.1952492E+08,  0.4727368E+10,  0.5019255E+07,  0.3361051E+05,  0.0000000E+00,  0.0000000E+00,  0.0000000E+00, -0.4265250E+04,  0.0000000E+00,  0.0000000E+00,  0.0000000E+00,  0.0000000E+00,  0.0000000E+00,  0.9672823E+05,  0.0000000E+00,  0.0000000E+00,  0.9270657E+05,  0.8333042E+03,  0.0000000E+00,  0.0000000E+00,  0.0000000E+00,  0.0000000E+00,  0.1020475E+03,  0.2379712E+06,  0.9306303E+02,  0.0000000E+00,   20
10/03/1990,  0.3966018E+05,  0.0000000E+00,  0.0000000E+00,  0.7912947E+04,  0.0000000E+00, -0.5541409E+05,  0.0000000E+00,  0.0000000E+00,  0.0000000E+00,  0.0000000E+00,  0.4232149E+06,  0.3908380E+05,  0.1952492E+08,  0.4726982E+10,  0.4999204E+07,  0.5465407E+05,  0.0000000E+00,  0.0000000E+00,  0.0000000E+00, -0.4265250E+04,  0.0000000E+00,  0.0000000E+00,  0.0000000E+00,  0.0000000E+00,  0.0000000E+00,  0.1069717E+06,  0.0000000E+00,  0.0000000E+00,  0.8760801E+05,  0.8011070E+03,  0.0000000E+00,  0.0000000E+00,  0.0000000E+00,  0.0000000E+00,  0.3847564E+03,  0.2355098E+06,  0.3790862E+03,  0.0000000E+00,   39
10/04/1990,  0.4131659E+05,  0.0000000E+00,  0.5819729E+02,  0.1517870E+05,  0.0000000E+00, -0.5038114E+05,  0.0000000E+00,  0.0000000E+00,  0.0000000E+00,  0.0000000E+00,  0.5026829E+06,  0.7811381E+05,  0.1952497E+08,  0.4726619E+10,  0.4980069E+07,  0.7615955E+05,  0.0000000E+00,  0.0000000E+00,  0.0000000E+00, -0.4265250E+04,  0.0000000E+00,  0.0000000E+00,  0.0000000E+00,  0.0000000E+00,  0.0000000E+00,  0.9876146E+05,  0.0000000E+00,  0.0000000E+00,  0.7627463E+05,  0.7348114E+03,  0.0000000E+00,  0.0000000E+00,  0.0000000E+00,  0.0000000E+00,  0.9161932E+03,  0.2333748E+06,  0.8741280E+03,  0.0000000E+00,   21
10/05/1990,  0.6278626E+05,  0.0000000E+00,  0.1509639E+03,  0.2424179E+05,  0.0000000E+00, -0.3969097E+05,  0.0000000E+00,  0.0000000E+00,  0.0000000E+00,  0.0000000E+00,  0.5665666E+06,  0.1262090E+06,  0.1952466E+08,  0.4726277E+10,  0.4958788E+07,  0.1004282E+06,  0.0000000E+00,  0.0000000E+00,  0.0000000E+00, -0.4265250E+04,  0.0000000E+00,  0.0000000E+00,  0.0000000E+00,  0.0000000E+00,  0.0000000E+00,  0.9416055E+05,  0.0000000E+00,  0.0000000E+00,  0.6835343E+05,  0.6805063E+03,  0.0000000E+00,  0.0000000E+00,  0.0000000E+00,  0.0000000E+00,  0.1678827E+04,  0.2321117E+06,  0.1981379E+04,  0.0000000E+00,  118
10/06/1990,  0.7181852E+05,  0.0000000E+00,  0.1600499E+03,  0.3433464E+05,  0.0000000E+00, -0.3228405E+05,  0.0000000E+00,  0.0000000E+00,  0.0000000E+00,  0.0000000E+00,  0.6130772E+06,  0.1803661E+06,  0.1952359E+08,  0.4725950E+10,  0.4929809E+07,  0.1267561E+06,  0.0000000E+00,  0.0000000E+00,  0.0000000E+00, -0.4265250E+04,  0.0000000E+00,  0.0000000E+00,  0.0000000E+00,  0.0000000E+00,  0.0000000E+00,  0.9344614E+05,  0.0000000E+00,  0.0000000E+00,  0.6316479E+05,  0.6643959E+03,  0.0000000E+00,  0.0000000E+00,  0.0000000E+00,  0.0000000E+00,  0.2630901E+04,  0.2311077E+06,  0.3709543E+04,  0.0000000E+00,  199
10/07/1990,  0.7724814E+05,  0.0000000E+00,  0.1687678E+03,  0.4437953E+05,  0.0000000E+00, -0.2359416E+05,  0.0000000E+00,  0.0000000E+00,  0.0000000E+00,  0.0000000E+00,  0.6373138E+06,  0.2344784E+06,  0.1952182E+08,  0.4725629E+10,  0.4894528E+07,  0.1549342E+06,  0.0000000E+00,  0.0000000E+00,  0.0000000E+00, -0.4265250E+04,  0.0000000E+00,  0.0000000E+00,  0.0000000E+00,  0.0000000E+00,  0.0000000E+00,  0.1038574E+06,  0.0000000E+00,  0.0000000E+00,  0.6597847E+05,  0.7574295E+03,  0.0000000E+00,  0.0000000E+00,  0.0000000E+00,  0.0000000E+00,  0.3654998E+04,  0.2302442E+06,  0.5420498E+04,  0.0000000E+00,  275
10/08/1990,  0.8162682E+05,  0.0000000E+00,  0.1730512E+03,  0.5267053E+05,  0.0000000E+00, -0.1507792E+05,  0.0000000E+00,  0.0000000E+00,  0.0000000E+00,  0.0000000E+00,  0.6541501E+06,  0.2817114E+06,  0.1951919E+08,  0.4725313E+10,  0.4852734E+07,  0.1846217E+06,  0.0000000E+00,  0.0000000E+00,  0.0000000E+00, -0.4265250E+04,  0.0000000E+00,  0.0000000E+00,  0.0000000E+00,  0.0000000E+00,  0.0000000E+00,  0.1081192E+06,  0.0000000E+00,  0.0000000E+00,  0.7267660E+05,  0.7821062E+03,  0.0000000E+00,  0.0000000E+00,  0.0000000E+00,  0.0000000E+00,  0.4603047E+04,  0.2294338E+06,  0.7237653E+04,  0.0000000E+00,  950
10/09/1990,  0.8442197E+05,  0.0000000E+00,  0.1540972E+03,  0.6018374E+05,  0.0000000E+00, -0.2018367E+05,  0.0000000E+00,  0.0000000E+00,  0.0000000E+00,  0.0000000E+00,  0.6665789E+06,  0.3231766E+06,  0.1951722E+08,  0.4724988E+10,  0.4819388E+07,  0.2156355E+06,  0.0000000E+00,  0.0000000E+00,  0.0000000E+00, -0.4265250E+04,  0.0000000E+00,  0.0000000E+00,  0.0000000E+00,  0.0000000E+00,  0.0000000E+00,  0.1091658E+06,  0.0000000E+00,  0.0000000E+00,  0.7768310E+05,  0.8068800E+03,  0.0000000E+00,  0.0000000E+00,  0.0000000E+00,  0.0000000E+00,  0.5474030E+04,  0.2286334E+06,  0.7434851E+04,  0.0000000E+00,  269
10/10/1990,  0.8804249E+05,  0.0000000E+00,  0.1475620E+03,  0.6656863E+05,  0.0000000E+00, -0.3562344E+04,  0.0000000E+00,  0.0000000E+00,  0.0000000E+00,  0.0000000E+00,  0.6855175E+06,  0.3585736E+06,  0.1951336E+08,  0.4724688E+10,  0.4770810E+07,  0.2477894E+06,  0.0000000E+00,  0.0000000E+00,  0.0000000E+00, -0.4265250E+04,  0.0000000E+00,  0.0000000E+00,  0.0000000E+00,  0.0000000E+00,  0.0000000E+00,  0.1009706E+06,  0.0000000E+00,  0.0000000E+00,  0.7207446E+05,  0.7519966E+03,  0.0000000E+00,  0.0000000E+00,  0.0000000E+00,  0.0000000E+00,  0.6248382E+04,  0.2279936E+06,  0.1011720E+05,  0.0000000E+00,  315
10/11/1990,  0.9196405E+05,  0.0000000E+00,  0.1591663E+03,  0.7325775E+05,  0.0000000E+00,  0.2971355E+05,  0.0000000E+00,  0.0000000E+00,  0.0000000E+00,  0.0000000E+00,  0.6982628E+06,  0.3924301E+06,  0.1950516E+08,  0.4724432E+10,  0.4690293E+07,  0.2811578E+06,  0.0000000E+00,  0.0000000E+00,  0.0000000E+00, -0.4265250E+04,  0.0000000E+00,  0.0000000E+00,  0.0000000E+00,  0.0000000E+00,  0.0000000E+00,  0.1008562E+06,  0.0000000E+00,  0.0000000E+00,  0.6657374E+05,  0.7336600E+03,  0.0000000E+00,  0.0000000E+00,  0.0000000E+00,  0.0000000E+00,  0.7007297E+04,  0.2275646E+06,  0.1519866E+05,  0.0000000E+00,  340
10/12/1990,  0.9530927E+05,  0.0000000E+00,  0.1649069E+03,  0.7908020E+05,  0.0000000E+00,  0.4972141E+04,  0.0000000E+00,  0.0000000E+00,  0.0000000E+00,  0.0000000E+00,  0.7255435E+06,  0.4232268E+06,  0.1950071E+08,  0.4724156E+10,  0.4636041E+07,  0.3157023E+06,  0.0000000E+00,  0.0000000E+00,  0.0000000E+00, -0.4265250E+04,  0.0000000E+00,  0.0000000E+00,  0.0000000E+00,  0.0000000E+00,  0.0000000E+00,  0.8258505E+05,  0.0000000E+00,  0.0000000E+00,  0.5942225E+05,  0.5826356E+03,  0.0000000E+00,  0.0000000E+00,  0.0000000E+00,  0.0000000E+00,  0.7715307E+04,  0.2272633E+06,  0.1216892E+05,  0.0000000E+00,  828
10/13/1990,  0.1009036E+06,  0.0000000E+00,  0.1662594E+03,  0.8690776E+05,  0.0000000E+00,  0.2671983E+05,  0.0000000E+00,  0.0000000E+00,  0.0000000E+00,  0.0000000E+00,  0.7491913E+06,  0.4580148E+06,  0.1949350E+08,  0.4723918E+10,  0.4560476E+07,  0.3517266E+06,  0.0000000E+00,  0.0000000E+00,  0.0000000E+00, -0.4265250E+04,  0.0000000E+00,  0.0000000E+00,  0.0000000E+00,  0.0000000E+00,  0.0000000E+00,  0.7366021E+05,  0.0000000E+00,  0.0000000E+00,  0.4658788E+05,  0.5137869E+03,  0.0000000E+00,  0.0000000E+00,  0.0000000E+00,  0.0000000E+00,  0.8519412E+04,  0.2272868E+06,  0.1572685E+05,  0.0000000E+00,  354
10/14/1990,  0.1064195E+06,  0.0000000E+00,  0.2137115E+03,  0.9423629E+05,  0.0000000E+00,  0.1603325E+05,  0.0000000E+00,  0.0000000E+00,  0.0000000E+00,  0.0000000E+00,  0.7635147E+06,  0.4934003E+06,  0.1948700E+08,  0.4723674E+10,  0.4496074E+07,  0.3889618E+06,  0.0000000E+00,  0.0000000E+00,  0.0000000E+00, -0.4265250E+04,  0.0000000E+00,  0.0000000E+00,  0.0000000E+00,  0.0000000E+00,  0.0000000E+00,  0.7430200E+05,  0.0000000E+00,  0.0000000E+00,  0.4231014E+05,  0.5167328E+03,  0.0000000E+00,  0.0000000E+00,  0.0000000E+00,  0.0000000E+00,  0.9353202E+04,  0.2273662E+06,  0.1585829E+05,  0.0000000E+00,  492
10/15/1990,  0.1112117E+06,  0.0000000E+00,  0.2446558E+03,  0.9999143E+05,  0.0000000E+00,  0.2584239E+05,  0.0000000E+00,  0.0000000E+00,  0.0000000E+00,  0.0000000E+00,  0.7609404E+06,  0.5247636E+06,  0.1947945E+08,  0.4723436E+10,  0.4421072E+07,  0.4269220E+06,  0.0000000E+00,  0.0000000E+00,  0.0000000E+00, -0.4265250E+04,  0.0000000E+00,  0.0000000E+00,  0.0000000E+00,  0.0000000E+00,  0.0000000E+00,  0.8864503E+05,  0.0000000E+00,  0.0000000E+00,  0.4782524E+05,  0.6465835E+03,  0.0000000E+00,  0.0000000E+00,  0.0000000E+00,  0.0000000E+00,  0.1011814E+05,  0.2272947E+06,  0.1767002E+05,  0.0000000E+00,  383
10/16/1990,  0.1132805E+06,  0.0000000E+00,  0.2638730E+03,  0.1020180E+06,  0.0000000E+00,  0.4105664E+05,  0.0000000E+00,  0.0000000E+00,  0.0000000E+00,  0.0000000E+00,  0.7687296E+06,  0.5450483E+06,  0.1946816E+08,  0.4723217E+10,  0.4330584E+07,  0.4650308E+06,  0.0000000E+00,  0.0000000E+00,  0.0000000E+00, -0.4265250E+04,  0.0000000E+00,  0.0000000E+00,  0.0000000E+00,  0.0000000E+00,  0.0000000E+00,  0.8657008E+05,  0.0000000E+00,  0.0000000E+00,  0.5031215E+05,  0.6035636E+03,  0.0000000E+00,  0.0000000E+00,  0.0000000E+00,  0.0000000E+00,  0.1065234E+05,  0.2270382E+06,  0.2193967E+05,  0.0000000E+00,  580
10/17/1990,  0.1153351E+06,  0.0000000E+00,  0.2393232E+03,  0.1056647E+06,  0.0000000E+00,  0.1106181E+06,  0.0000000E+00,  0.0000000E+00,  0.0000000E+00,  0.0000000E+00,  0.7843563E+06,  0.5646566E+06,  0.1944816E+08,  0.4723079E+10,  0.4170278E+07,  0.5037452E+06,  0.0000000E+00,  0.0000000E+00,  0.0000000E+00, -0.4265250E+04,  0.0000000E+00,  0.0000000E+00,  0.0000000E+00,  0.0000000E+00,  0.0000000E+00,  0.7525374E+05,  0.0000000E+00,  0.0000000E+00,  0.4720174E+05,  0.4996417E+03,  0.0000000E+00,  0.0000000E+00,  0.0000000E+00,  0.0000000E+00,  0.1116847E+05,  0.2269741E+06,  0.3116763E+05,  0.0000000E+00,  701
10/18/1990,  0.1185566E+06,  0.0000000E+00,  0.2321471E+03,  0.1109456E+06,  0.0000000E+00,  0.1128584E+06,  0.0000000E+00,  0.0000000E+00,  0.0000000E+00,  0.0000000E+00,  0.7930373E+06,  0.5874296E+06,  0.1941700E+08,  0.4722959E+10,  0.4008779E+07,  0.5432476E+06,  0.0000000E+00,  0.0000000E+00,  0.0000000E+00, -0.4265250E+04,  0.0000000E+00,  0.0000000E+00,  0.0000000E+00,  0.0000000E+00,  0.0000000E+00,  0.7326708E+05,  0.0000000E+00,  0.0000000E+00,  0.4381569E+05,  0.5085906E+03,  0.0000000E+00,  0.0000000E+00,  0.0000000E+00,  0.0000000E+00,  0.1175555E+05,  0.2270196E+06,  0.4291384E+05,  0.0000000E+00, 1000
10/19/1990,  0.1221575E+06,  0.0000000E+00,  0.2660814E+03,  0.1144882E+06,  0.0000000E+00,  0.1337902E+06,  0.0000000E+00,  0.0000000E+00,  0.0000000E+00,  0.0000000E+00,  0.8053642E+06,  0.6071313E+06,  0.1934850E+08,  0.4722909E+10,  0.3825773E+07,  0.5832116E+06,  0.0000000E+00,  0.0000000E+00,  0.0000000E+00, -0.4265250E+04,  0.0000000E+00,  0.0000000E+00,  0.0000000E+00,  0.0000000E+00,  0.0000000E+00,  0.6870483E+05,  0.0000000E+00,  0.0000000E+00,  0.3861190E+05,  0.4633270E+03,  0.0000000E+00,  0.0000000E+00,  0.0000000E+00,  0.0000000E+00,  0.1227555E+05,  0.2270799E+06,  0.8077253E+05,  0.0000000E+00, 1000
10/20/1990,  0.1252045E+06,  0.0000000E+00,  0.2820904E+03,  0.1186609E+06,  0.0000000E+00,  0.1082618E+06,  0.0000000E+00,  0.0000000E+00,  0.0000000E+00,  0.0000000E+00,  0.8015889E+06,  0.6268320E+06,  0.1928473E+08,  0.4722826E+10,  0.3668796E+07,  0.6236158E+06,  0.0000000E+00,  0.0000000E+00,  0.0000000E+00, -0.4265250E+04,  0.0000000E+00,  0.0000000E+00,  0.0000000E+00,  0.0000000E+00,  0.0000000E+00,  0.8013170E+05,  0.0000000E+00,  0.0000000E+00,  0.4306949E+05,  0.5532168E+03,  0.0000000E+00,  0.0000000E+00,  0.0000000E+00,  0.0000000E+00,  0.1280010E+05,  0.2270679E+06,  0.7657855E+05,  0.0000000E+00, 1000
10/21/1990,  0.1264905E+06,  0.0000000E+00,  0.2680426E+03,  0.1193562E+06,  0.0000000E+00,  0.9865338E+05,  0.0000000E+00,  0.0000000E+00,  0.0000000E+00,  0.0000000E+00,  0.7988655E+06,  0.6383827E+06,  0.1923140E+08,  0.4722716E+10,  0.3520965E+07,  0.6638271E+06,  0.0000000E+00,  0.0000000E+00,  0.0000000E+00, -0.4265250E+04,  0.0000000E+00,  0.0000000E+00,  0.0000000E+00,  0.0000000E+00,  0.0000000E+00,  0.8602468E+05,  0.0000000E+00,  0.0000000E+00,  0.4832346E+05,  0.5903671E+03,  0.0000000E+00,  0.0000000E+00,  0.0000000E+00,  0.0000000E+00,  0.1314946E+05,  0.2268445E+06,  0.6647723E+05,  0.0000000E+00, 1000
10/22/1990,  0.1271500E+06,  0.0000000E+00,  0.2371743E+03,  0.1197592E+06,  0.0000000E+00,  0.6902094E+04,  0.0000000E+00,  0.0000000E+00,  0.0000000E+00,  0.0000000E+00,  0.8082658E+06,  0.6458686E+06,  0.1920670E+08,  0.4722482E+10,  0.3465446E+07,  0.7040744E+06,  0.0000000E+00,  0.0000000E+00,  0.0000000E+00, -0.4265250E+04,  0.0000000E+00,  0.0000000E+00,  0.0000000E+00,  0.0000000E+00,  0.0000000E+00,  0.7715693E+05,  0.0000000E+00,  0.0000000E+00,  0.4660525E+05,  0.5385806E+03,  0.0000000E+00,  0.0000000E+00,  0.0000000E+00,  0.0000000E+00,  0.1340495E+05,  0.2266144E+06,  0.3809864E+05,  0.0000000E+00, 1000
10/23/1990,  0.1284760E+06,  0.0000000E+00,  0.2512100E+03,  0.1219679E+06,  0.0000000E+00,  0.7024255E+05,  0.0000000E+00,  0.0000000E+00,  0.0000000E+00,  0.0000000E+00,  0.7959687E+06,  0.6559345E+06,  0.1917434E+08,  0.4722314E+10,  0.3346498E+07,  0.7443202E+06,  0.0000000E+00,  0.0000000E+00,  0.0000000E+00, -0.4265250E+04,  0.0000000E+00,  0.0000000E+00,  0.0000000E+00,  0.0000000E+00,  0.0000000E+00,  0.9358244E+05,  0.0000000E+00,  0.0000000E+00,  0.5184486E+05,  0.6814330E+03,  0.0000000E+00,  0.0000000E+00,  0.0000000E+00,  0.0000000E+00,  0.1371715E+05,  0.2264084E+06,  0.4608429E+05,  0.0000000E+00, 1000
10/24/1990,  0.1281612E+06,  0.0000000E+00,  0.2460377E+03,  0.1196402E+06,  0.0000000E+00,  0.3469897E+05,  0.0000000E+00,  0.0000000E+00,  0.0000000E+00,  0.0000000E+00,  0.8108751E+06,  0.6563757E+06,  0.1915445E+08,  0.4722103E+10,  0.3262015E+07,  0.7839627E+06,  0.0000000E+00,  0.0000000E+00,  0.0000000E+00, -0.4265250E+04,  0.0000000E+00,  0.0000000E+00,  0.0000000E+00,  0.0000000E+00,  0.0000000E+00,  0.7788495E+05,  0.0000000E+00,  0.0000000E+00,  0.4942947E+05,  0.5286917E+03,  0.0000000E+00,  0.0000000E+00,  0.0000000E+00,  0.0000000E+00,  0.1381405E+05,  0.2260054E+06,  0.3370193E+05,  0.0000000E+00, 1000
10/25/1990,  0.1292798E+06,  0.0000000E+00,  0.2241398E+03,  0.1229343E+06,  0.0000000E+00,  0.2339781E+04,  0.0000000E+00,  0.0000000E+00,  0.0000000E+00,  0.0000000E+00,  0.8097877E+06,  0.6656551E+06,  0.1914640E+08,  0.4721850E+10,  0.3212059E+07,  0.8239416E+06,  0.0000000E+00,  0.0000000E+00,  0.0000000E+00, -0.4265250E+04,  0.0000000E+00,  0.0000000E+00,  0.0000000E+00,  0.0000000E+00,  0.0000000E+00,  0.8141539E+05,  0.0000000E+00,  0.0000000E+00,  0.4545615E+05,  0.6020811E+03,  0.0000000E+00,  0.0000000E+00,  0.0000000E+00,  0.0000000E+00,  0.1410029E+05,  0.2258907E+06,  0.2215453E+05,  0.0000000E+00,  205
10/26/1990,  0.1306918E+06,  0.0000000E+00,  0.2974135E+03,  0.1227555E+06,  0.0000000E+00, -0.7688078E+04,  0.0000000E+00,  0.0000000E+00,  0.0000000E+00,  0.0000000E+00,  0.8117490E+06,  0.6707594E+06,  0.1913862E+08,  0.4721587E+10,  0.3170866E+07,  0.8635725E+06,  0.0000000E+00,  0.0000000E+00,  0.0000000E+00, -0.4265250E+04,  0.0000000E+00,  0.0000000E+00,  0.0000000E+00,  0.0000000E+00,  0.0000000E+00,  0.8226330E+05,  0.0000000E+00,  0.0000000E+00,  0.4598279E+05,  0.5787400E+03,  0.0000000E+00,  0.0000000E+00,  0.0000000E+00,  0.0000000E+00,  0.1429499E+05,  0.2256527E+06,  0.2207331E+05,  0.0000000E+00,  314
10/27/1990,  0.1313917E+06,  0.0000000E+00,  0.2654114E+03,  0.1236420E+06,  0.0000000E+00, -0.1612003E+05,  0.0000000E+00,  0.0000000E+00,  0.0000000E+00,  0.0000000E+00,  0.8200369E+06,  0.6760609E+06,  0.1913249E+08,  0.4721317E+10,  0.3138165E+07,  0.9031864E+06,  0.0000000E+00,  0.0000000E+00,  0.0000000E+00, -0.4265250E+04,  0.0000000E+00,  0.0000000E+00,  0.0000000E+00,  0.0000000E+00,  0.0000000E+00,  0.7455374E+05,  0.0000000E+00,  0.0000000E+00,  0.4367688E+05,  0.5239798E+03,  0.0000000E+00,  0.0000000E+00,  0.0000000E+00,  0.0000000E+00,  0.1449010E+05,  0.2254686E+06,  0.2062007E+05,  0.0000000E+00,  274
10/28/1990,  0.1326311E+06,  0.0000000E+00,  0.2762845E+03,  0.1257631E+06,  0.0000000E+00, -0.3322750E+05,  0.0000000E+00,  0.0000000E+00,  0.0000000E+00,  0.0000000E+00,  0.8356121E+06,  0.6843044E+06,  0.1913057E+08,  0.4721034E+10,  0.3123138E+07,  0.9430555E+06,  0.0000000E+00,  0.0000000E+00,  0.0000000E+00, -0.4265250E+04,  0.0000000E+00,  0.0000000E+00,  0.0000000E+00,  0.0000000E+00,  0.0000000E+00,  0.6194295E+05,  0.0000000E+00,  0.0000000E+00,  0.3579442E+05,  0.4167483E+03,  0.0000000E+00,  0.0000000E+00,  0.0000000E+00,  0.0000000E+00,  0.1474699E+05,  0.2254280E+06,  0.1666344E+05,  0.0000000E+00,  168
10/29/1990,  0.1363038E+06,  0.0000000E+00,  0.3129055E+03,  0.1300308E+06,  0.0000000E+00, -0.3470192E+05,  0.0000000E+00,  0.0000000E+00,  0.0000000E+00,  0.0000000E+00,  0.8402266E+06,  0.6983863E+06,  0.1912372E+08,  0.4720759E+10,  0.3109567E+07,  0.9835432E+06,  0.0000000E+00,  0.0000000E+00,  0.0000000E+00, -0.4265250E+04,  0.0000000E+00,  0.0000000E+00,  0.0000000E+00,  0.0000000E+00,  0.0000000E+00,  0.6260761E+05,  0.0000000E+00,  0.0000000E+00,  0.3259753E+05,  0.4273356E+03,  0.0000000E+00,  0.0000000E+00,  0.0000000E+00,  0.0000000E+00,  0.1513022E+05,  0.2256083E+06,  0.2197645E+05,  0.0000000E+00,  689
10/30/1990,  0.1380173E+06,  0.0000000E+00,  0.3502308E+03,  0.1322355E+06,  0.0000000E+00, -0.3599123E+05,  0.0000000E+00,  0.0000000E+00,  0.0000000E+00,  0.0000000E+00,  0.8447249E+06,  0.7099724E+06,  0.1912207E+08,  0.4720476E+10,  0.3097526E+07,  0.1024144E+07,  0.0000000E+00,  0.0000000E+00,  0.0000000E+00, -0.4265250E+04,  0.0000000E+00,  0.0000000E+00,  0.0000000E+00,  0.0000000E+00,  0.0000000E+00,  0.6266733E+05,  0.0000000E+00,  0.0000000E+00,  0.3205804E+05,  0.4183349E+03,  0.0000000E+00,  0.0000000E+00,  0.0000000E+00,  0.0000000E+00,  0.1546761E+05,  0.2255868E+06,  0.1712199E+05,  0.0000000E+00,  149
10/31/1990,  0.1408261E+06,  0.0000000E+00,  0.3421498E+03,  0.1343851E+06,  0.0000000E+00, -0.3709259E+05,  0.0000000E+00,  0.0000000E+00,  0.0000000E+00,  0.0000000E+00,  0.8718470E+06,  0.7202941E+06,  0.1910980E+08,  0.4720215E+10,  0.3085497E+07,  0.1065222E+07,  0.0000000E+00,  0.0000000E+00,  0.0000000E+00, -0.3461370E+04,  0.0000000E+00,  0.0000000E+00,  0.0000000E+00,  0.0000000E+00,  0.0000000E+00,  0.3913858E+05,  0.0000000E+00,  0.0000000E+00,  0.2283094E+05,  0.2093196E+03,  0.0000000E+00,  0.0000000E+00,  0.0000000E+00,  0.0000000E+00,  0.1576552E+05,  0.2258062E+06,  0.2803678E+05,  0.0000000E+00, 1000
11/01/1990,  0.1495298E+06,  0.1088930E+04,  0.4847510E+03,  0.1520411E+06,  0.0000000E+00, -0.3312069E+05,  0.6259061E+06,  0.0000000E+00,  0.0000000E+00,  0.0000000E+00,  0.1705823E+07,  0.8004480E+06,  0.1910620E+08,  0.4719960E+10,  0.3075886E+07,  0.1110256E+07,  0.0000000E+00,  0.1529601E+07,  0.0000000E+00, -0.3461370E+04,  0.0000000E+00,  0.0000000E+00,  0.0000000E+00,  0.0000000E+00,  0.0000000E+00,  0.4695907E+05,  0.0000000E+00,  0.0000000E+00,  0.1357957E+05,  0.1785769E+03,  0.9026499E+00,  0.1575084E+00,  0.0000000E+00,  0.0000000E+00,  0.1669321E+05,  0.2267557E+06,  0.2029512E+05,  0.9022304E+06,  711
11/02/1990,  0.1519985E+06,  0.0000000E+00,  0.4721650E+03,  0.1519602E+06,  0.0000000E+00, -0.3170728E+05,  0.1218324E+06,  0.0000000E+00,  0.0000000E+00,  0.0000000E+00,  0.1670368E+07,  0.8158965E+06,  0.1910456E+08,  0.4719695E+10,  0.3061244E+07,  0.1154268E+07,  0.0000000E+00,  0.0000000E+00,  0.0000000E+00, -0.3461370E+04,  0.0000000E+00,  0.5040737E+06,  0.0000000E+00,  0.0000000E+00,  0.0000000E+00,  0.7861735E+05,  0.0000000E+00,  0.0000000E+00,  0.2184012E+05,  0.4662155E+03,  0.5477144E+00,  0.0000000E+00,  0.0000000E+00,  0.0000000E+00,  0.1718762E+05,  0.2268553E+06,  0.1882029E+05,  0.0000000E+00,  286
11/03/1990,  0.1525194E+06,  0.0000000E+00,  0.3771153E+03,  0.1497319E+06,  0.0000000E+00, -0.3758531E+05,  0.4341771E+05,  0.0000000E+00,  0.0000000E+00,  0.0000000E+00,  0.1621059E+07,  0.8179328E+06,  0.1910459E+08,  0.4719411E+10,  0.3050394E+07,  0.1197420E+07,  0.0000000E+00,  0.0000000E+00,  0.0000000E+00, -0.3461370E+04,  0.0000000E+00,  0.7841467E+05,  0.0000000E+00,  0.0000000E+00,  0.0000000E+00,  0.1079189E+06,  0.0000000E+00,  0.0000000E+00,  0.3389681E+05,  0.5315437E+03,  0.5200235E+00,  0.0000000E+00,  0.0000000E+00,  0.0000000E+00,  0.1737851E+05,  0.2267068E+06,  0.1735649E+05,  0.0000000E+00,  107
11/04/1990,  0.1515200E+06,  0.0000000E+00,  0.3064691E+03,  0.1448940E+06,  0.0000000E+00, -0.3713948E+05,  0.2413798E+05,  0.0000000E+00,  0.0000000E+00,  0.0000000E+00,  0.1587486E+07,  0.8089925E+06,  0.1910454E+08,  0.4719124E+10,  0.3037540E+07,  0.1239416E+07,  0.0000000E+00,  0.0000000E+00,  0.0000000E+00, -0.3461370E+04,  0.0000000E+00,  0.1927973E+05,  0.0000000E+00,  0.0000000E+00,  0.0000000E+00,  0.1078462E+06,  0.0000000E+00,  0.0000000E+00,  0.3900681E+05,  0.5539235E+03,  0.4937788E+00,  0.0000000E+00,  0.0000000E+00,  0.0000000E+00,  0.1731466E+05,  0.2263655E+06,  0.1736038E+05,  0.0000000E+00,   78
11/05/1990,  0.1506669E+06,  0.0000000E+00,  0.2850502E+03,  0.1423109E+06,  0.0000000E+00, -0.4020767E+05,  0.1865986E+05,  0.0000000E+00,  0.0000000E+00,  0.0000000E+00,  0.1583090E+07,  0.8004796E+06,  0.1910468E+08,  0.4718841E+10,  0.3026798E+07,  0.1280865E+07,  0.0000000E+00,  0.0000000E+00,  0.0000000E+00, -0.3461370E+04,  0.0000000E+00,  0.5478117E+04,  0.0000000E+00,  0.0000000E+00,  0.0000000E+00,  0.8075884E+05,  0.0000000E+00,  0.0000000E+00,  0.3107155E+05,  0.4055064E+03,  0.4689001E+00,  0.0000000E+00,  0.0000000E+00,  0.0000000E+00,  0.1724450E+05,  0.2261522E+06,  0.1710197E+05,  0.0000000E+00,   28
11/06/1990,  0.1494058E+06,  0.0000000E+00,  0.3388432E+03,  0.1448758E+06,  0.0000000E+00, -0.3883305E+05,  0.1554599E+05,  0.0000000E+00,  0.0000000E+00,  0.0000000E+00,  0.1567093E+07,  0.8031943E+06,  0.1910460E+08,  0.4718560E+10,  0.3016266E+07,  0.1322452E+07,  0.0000000E+00,  0.0000000E+00,  0.0000000E+00, -0.3461370E+04,  0.0000000E+00,  0.3113876E+04,  0.0000000E+00,  0.0000000E+00,  0.0000000E+00,  0.7835216E+05,  0.0000000E+00,  0.0000000E+00,  0.3016754E+05,  0.3923281E+03,  0.4453125E+00,  0.0000000E+00,  0.0000000E+00,  0.0000000E+00,  0.1741922E+05,  0.2261103E+06,  0.1749914E+05,  0.0000000E+00,   63
11/07/1990,  0.1487429E+06,  0.0000000E+00,  0.3407589E+03,  0.1457439E+06,  0.0000000E+00, -0.3750272E+05,  0.1261121E+05,  0.0000000E+00,  0.0000000E+00,  0.0000000E+00,  0.1518977E+07,  0.8062018E+06,  0.1910480E+08,  0.4718272E+10,  0.3004392E+07,  0.1363719E+07,  0.0000000E+00,  0.0000000E+00,  0.0000000E+00, -0.3461370E+04,  0.0000000E+00,  0.2934776E+04,  0.0000000E+00,  0.0000000E+00,  0.0000000E+00,  0.1090475E+06,  0.0000000E+00,  0.0000000E+00,  0.3816290E+05,  0.6107020E+03,  0.4229452E+00,  0.0000000E+00,  0.0000000E+00,  0.0000000E+00,  0.1760443E+05,  0.2259787E+06,  0.1740742E+05,  0.0000000E+00,   38
11/08/1990,  0.1485388E+06,  0.0000000E+00,  0.3233624E+03,  0.1402688E+06,  0.0000000E+00, -0.3896020E+05,  0.1077821E+05,  0.0000000E+00,  0.0000000E+00,  0.0000000E+00,  0.1484771E+07,  0.7955355E+06,  0.1910453E+08,  0.4717979E+10,  0.2991597E+07,  0.1403682E+07,  0.0000000E+00,  0.0000000E+00,  0.0000000E+00, -0.3461370E+04,  0.0000000E+00,  0.1833006E+04,  0.0000000E+00,  0.0000000E+00,  0.0000000E+00,  0.1140660E+06,  0.0000000E+00,  0.0000000E+00,  0.4514665E+05,  0.6425396E+03,  0.4017319E+00,  0.0000000E+00,  0.0000000E+00,  0.0000000E+00,  0.1747634E+05,  0.2255532E+06,  0.1774176E+05,  0.0000000E+00,  163
11/09/1990,  0.1458371E+06,  0.0000000E+00,  0.2664408E+03,  0.1369836E+06,  0.0000000E+00, -0.3994403E+05,  0.9596066E+04,  0.0000000E+00,  0.0000000E+00,  0.0000000E+00,  0.1450602E+07,  0.7839436E+06,  0.1909890E+08,  0.4717687E+10,  0.2979869E+07,  0.1442793E+07,  0.0000000E+00,  0.0000000E+00,  0.0000000E+00, -0.3461370E+04,  0.0000000E+00,  0.1182140E+04,  0.0000000E+00,  0.0000000E+00,  0.0000000E+00,  0.1180694E+06,  0.0000000E+00,  0.0000000E+00,  0.4831479E+05,  0.6766030E+03,  0.3816102E+00,  0.0000000E+00,  0.0000000E+00,  0.0000000E+00,  0.1731811E+05,  0.2251135E+06,  0.2295569E+05,  0.0000000E+00, 1000
11/10/1990,  0.1430672E+06,  0.0000000E+00,  0.2444620E+03,  0.1338097E+06,  0.0000000E+00, -0.3957212E+05,  0.8807625E+04,  0.0000000E+00,  0.0000000E+00,  0.0000000E+00,  0.1416514E+07,  0.7719579E+06,  0.1909741E+08,  0.4717385E+10,  0.2967780E+07,  0.1481010E+07,  0.0000000E+00,  0.0000000E+00,  0.0000000E+00, -0.3461370E+04,  0.0000000E+00,  0.7884412E+03,  0.0000000E+00,  0.0000000E+00,  0.0000000E+00,  0.1212716E+06,  0.0000000E+00,  0.0000000E+00,  0.5401718E+05,  0.7278343E+03,  0.3625211E+00,  0.0000000E+00,  0.0000000E+00,  0.0000000E+00,  0.1714578E+05,  0.2245826E+06,  0.1863104E+05,  0.0000000E+00,  184
11/11/1990,  0.1401923E+06,  0.0000000E+00,  0.2278586E+03,  0.1302918E+06,  0.0000000E+00, -0.4009231E+05,  0.8256352E+04,  0.0000000E+00,  0.0000000E+00,  0.0000000E+00,  0.1378607E+07,  0.7586714E+06,  0.1909700E+08,  0.4717077E+10,  0.2956362E+07,  0.1518265E+07,  0.0000000E+00,  0.0000000E+00,  0.0000000E+00, -0.3461370E+04,  0.0000000E+00,  0.5512727E+03,  0.0000000E+00,  0.0000000E+00,  0.0000000E+00,  0.1296072E+06,  0.0000000E+00,  0.0000000E+00,  0.5882532E+05,  0.7919731E+03,  0.3444093E+00,  0.0000000E+00,  0.0000000E+00,  0.0000000E+00,  0.1693859E+05,  0.2240042E+06,  0.1735549E+05,  0.0000000E+00,  149
11/12/1990,  0.1394005E+06,  0.0000000E+00,  0.1982874E+03,  0.1262774E+06,  0.0000000E+00, -0.4021861E+05,  0.7962645E+04,  0.0000000E+00,  0.0000000E+00,  0.0000000E+00,  0.1368796E+07,  0.7431379E+06,  0.1909684E+08,  0.4716775E+10,  0.2945090E+07,  0.1554354E+07,  0.0000000E+00,  0.0000000E+00,  0.0000000E+00, -0.3461370E+04,  0.0000000E+00,  0.2937064E+03,  0.0000000E+00,  0.0000000E+00,  0.0000000E+00,  0.1076109E+06,  0.0000000E+00,  0.0000000E+00,  0.5346223E+05,  0.6428765E+03,  0.3272226E+00,  0.0000000E+00,  0.0000000E+00,  0.0000000E+00,  0.1666899E+05,  0.2234921E+06,  0.1682220E+05,  0.0000000E+00,   34
11/13/1990,  0.1389027E+06,  0.0000000E+00,  0.2019190E+03,  0.1275072E+06,  0.0000000E+00, -0.4057317E+05,  0.7842841E+04,  0.0000000E+00,  0.0000000E+00,  0.0000000E+00,  0.1386961E+07,  0.7393391E+06,  0.1909655E+08,  0.4716490E+10,  0.2933021E+07,  0.1591189E+07,  0.0000000E+00,  0.0000000E+00,  0.0000000E+00, -0.3461370E+04,  0.0000000E+00,  0.1198044E+03,  0.0000000E+00,  0.0000000E+00,  0.0000000E+00,  0.6659172E+05,  0.0000000E+00,  0.0000000E+00,  0.3537045E+05,  0.3742956E+03,  0.3109118E+00,  0.0000000E+00,  0.0000000E+00,  0.0000000E+00,  0.1665601E+05,  0.2233560E+06,  0.1694503E+05,  0.0000000E+00,   73
11/14/1990,  0.1385981E+06,  0.0000000E+00,  0.2874561E+03,  0.1345432E+06,  0.0000000E+00, -0.4080922E+05,  0.7708376E+04,  0.0000000E+00,  0.0000000E+00,  0.0000000E+00,  0.1359398E+07,  0.7539664E+06,  0.1909642E+08,  0.4716205E+10,  0.2922872E+07,  0.1628456E+07,  0.0000000E+00,  0.0000000E+00,  0.0000000E+00, -0.3461370E+04,  0.0000000E+00,  0.1344649E+03,  0.0000000E+00,  0.0000000E+00,  0.0000000E+00,  0.8644915E+05,  0.0000000E+00,  0.0000000E+00,  0.3445354E+05,  0.5536071E+03,  0.2954306E+00,  0.0000000E+00,  0.0000000E+00,  0.0000000E+00,  0.1707203E+05,  0.2234098E+06,  0.1720464E+05,  0.0000000E+00,   30
11/15/1990,  0.1392261E+06,  0.0000000E+00,  0.3658036E+03,  0.1332305E+06,  0.0000000E+00, -0.3882972E+05,  0.7608758E+04,  0.0000000E+00,  0.0000000E+00,  0.0000000E+00,  0.1338591E+07,  0.7562943E+06,  0.1909630E+08,  0.4715917E+10,  0.2910969E+07,  0.1665690E+07,  0.0000000E+00,  0.0000000E+00,  0.0000000E+00, -0.3461370E+04,  0.0000000E+00,  0.9961845E+02,  0.0000000E+00,  0.0000000E+00,  0.0000000E+00,  0.9304622E+05,  0.0000000E+00,  0.0000000E+00,  0.4030239E+05,  0.5727202E+03,  0.2807351E+00,  0.0000000E+00,  0.0000000E+00,  0.0000000E+00,  0.1720642E+05,  0.2233025E+06,  0.1732854E+05,  0.0000000E+00,   45
11/16/1990,  0.1432068E+06,  0.0000000E+00,  0.2926159E+03,  0.1329624E+06,  0.0000000E+00, -0.1255278E+05,  0.7536780E+04,  0.0000000E+00,  0.0000000E+00,  0.0000000E+00,  0.1320689E+07,  0.7559989E+06,  0.1909620E+08,  0.4715631E+10,  0.2899276E+07,  0.1671982E+07,  0.0000000E+00,  0.0000000E+00,  0.0000000E+00, -0.3461370E+04,  0.0000000E+00,  0.7197748E+02,  0.0000000E+00,  0.0000000E+00,  0.0000000E+00,  0.9374563E+05,  0.0000000E+00,  0.0000000E+00,  0.4290912E+05,  0.5995848E+03,  0.2667840E+00,  0.0000000E+00,  0.0000000E+00,  0.0000000E+00,  0.1720627E+05,  0.2239304E+06,  0.1730756E+05,  0.0000000E+00,  121
11/17/1990,  0.1592708E+06,  0.0000000E+00,  0.3015889E+03,  0.1324492E+06,  0.0000000E+00, -0.2386964E+05,  0.7496160E+04,  0.0000000E+00,  0.0000000E+00,  0.0000000E+00,  0.1316953E+07,  0.7543986E+06,  0.1909605E+08,  0.4715356E+10,  0.2889615E+07,  0.1672884E+07,  0.0000000E+00,  0.0000000E+00,  0.0000000E+00, -0.3461370E+04,  0.0000000E+00,  0.4062061E+02,  0.0000000E+00,  0.0000000E+00,  0.0000000E+00,  0.8188262E+05,  0.0000000E+00,  0.0000000E+00,  0.3884354E+05,  0.5108914E+03,  0.2535384E+00,  0.0000000E+00,  0.0000000E+00,  0.0000000E+00,  0.1717184E+05,  0.2243810E+06,  0.1731482E+05,  0.0000000E+00,  161
11/18/1990,  0.1695272E+06,  0.0000000E+00,  0.3109611E+03,  0.1346055E+06,  0.0000000E+00, -0.3011262E+05,  0.7472258E+04,  0.0000000E+00,  0.0000000E+00,  0.0000000E+00,  0.1316319E+07,  0.7585657E+06,  0.1909553E+08,  0.4715084E+10,  0.2880157E+07,  0.1673077E+07,  0.0000000E+00,  0.0000000E+00,  0.0000000E+00, -0.3461370E+04,  0.0000000E+00,  0.2390168E+02,  0.0000000E+00,  0.0000000E+00,  0.0000000E+00,  0.7094977E+05,  0.0000000E+00,  0.0000000E+00,  0.3212312E+05,  0.4423669E+03,  0.2409613E+00,  0.0000000E+00,  0.0000000E+00,  0.0000000E+00,  0.1728335E+05,  0.2245919E+06,  0.1780831E+05,  0.0000000E+00,  256
11/19/1990,  0.1750412E+06,  0.0000000E+00,  0.3544834E+03,  0.1376146E+06,  0.0000000E+00, -0.2997230E+05,  0.7460941E+04,  0.0000000E+00,  0.0000000E+00,  0.0000000E+00,  0.1323950E+07,  0.7669836E+06,  0.1909546E+08,  0.4714819E+10,  0.2867828E+07,  0.1673205E+07,  0.0000000E+00,  0.0000000E+00,  0.0000000E+00, -0.3461370E+04,  0.0000000E+00,  0.1131720E+02,  0.0000000E+00,  0.0000000E+00,  0.0000000E+00,  0.5540320E+05,  0.0000000E+00,  0.0000000E+00,  0.2474004E+05,  0.3156903E+03,  0.2290181E+00,  0.0000000E+00,  0.0000000E+00,  0.0000000E+00,  0.1749338E+05,  0.2248246E+06,  0.1755808E+05,  0.0000000E+00,  257
11/20/1990,  0.1808458E+06,  0.1814884E+03,  0.3969483E+03,  0.1445242E+06,  0.0000000E+00, -0.3270436E+05,  0.1117786E+06,  0.0000000E+00,  0.0000000E+00,  0.0000000E+00,  0.1470868E+07,  0.7917353E+06,  0.1909541E+08,  0.4714559E+10,  0.2858774E+07,  0.1673430E+07,  0.0000000E+00,  0.2549336E+06,  0.0000000E+00, -0.3461370E+04,  0.0000000E+00,  0.0000000E+00,  0.0000000E+00,  0.0000000E+00,  0.0000000E+00,  0.4325802E+05,  0.0000000E+00,  0.0000000E+00,  0.1683375E+05,  0.2462246E+03,  0.3664626E+00,  0.2625140E-01,  0.0000000E+00,  0.0000000E+00,  0.1791603E+05,  0.2253044E+06,  0.1796567E+05,  0.1503718E+06,  160
11/21/1990,  0.1870593E+06,  0.0000000E+00,  0.4534462E+03,  0.1494607E+06,  0.0000000E+00, -0.3177566E+05,  0.1313488E+05,  0.0000000E+00,  0.0000000E+00,  0.0000000E+00,  0.1442732E+07,  0.8091288E+06,  0.1909531E+08,  0.4714294E+10,  0.2848210E+07,  0.1673585E+07,  0.0000000E+00,  0.0000000E+00,  0.0000000E+00, -0.3461370E+04,  0.0000000E+00,  0.9864376E+05,  0.0000000E+00,  0.0000000E+00,  0.0000000E+00,  0.7021169E+05,  0.0000000E+00,  0.0000000E+00,  0.2403659E+05,  0.4292677E+03,  0.2981552E+00,  0.0000000E+00,  0.0000000E+00,  0.0000000E+00,  0.1834777E+05,  0.2256403E+06,  0.1845672E+05,  0.0000000E+00,  391
11/22/1990,  0.1884362E+06,  0.0000000E+00,  0.4434469E+03,  0.1475445E+06,  0.0000000E+00, -0.3521739E+05,  0.1142322E+05,  0.0000000E+00,  0.0000000E+00,  0.0000000E+00,  0.1422460E+07,  0.8117087E+06,  0.1909521E+08,  0.4714020E+10,  0.2838176E+07,  0.1673526E+07,  0.0000000E+00,  0.0000000E+00,  0.0000000E+00, -0.3461370E+04,  0.0000000E+00,  0.1711655E+04,  0.0000000E+00,  0.0000000E+00,  0.0000000E+00,  0.7889676E+05,  0.0000000E+00,  0.0000000E+00,  0.2999250E+05,  0.4551560E+03,  0.2833215E+00,  0.0000000E+00,  0.0000000E+00,  0.0000000E+00,  0.1845319E+05,  0.2255539E+06,  0.1855319E+05,  0.0000000E+00,  169
11/23/1990,  0.1877821E+06,  0.0000000E+00,  0.3817549E+03,  0.1462355E+06,  0.0000000E+00, -0.3656011E+05,  0.1097921E+05,  0.0000000E+00,  0.0000000E+00,  0.0000000E+00,  0.1421991E+07,  0.8099415E+06,  0.1909515E+08,  0.4713747E+10,  0.2828815E+07,  0.1673495E+07,  0.0000000E+00,  0.0000000E+00,  0.0000000E+00, -0.3461370E+04,  0.0000000E+00,  0.4440068E+03,  0.0000000E+00,  0.0000000E+00,  0.0000000E+00,  0.6476469E+05,  0.0000000E+00,  0.0000000E+00,  0.2772280E+05,  0.3422746E+03,  0.2692395E+00,  0.0000000E+00,  0.0000000E+00,  0.0000000E+00,  0.1844864E+05,  0.2255029E+06,  0.1850797E+05,  0.0000000E+00,  286
11/24/1990,  0.1882249E+06,  0.0000000E+00,  0.3554748E+03,  0.1488742E+06,  0.0000000E+00, -0.3385195E+05,  0.1074802E+05,  0.0000000E+00,  0.0000000E+00,  0.0000000E+00,  0.1416039E+07,  0.8149377E+06,  0.1909511E+08,  0.4713477E+10,  0.2818683E+07,  0.1673559E+07,  0.0000000E+00,  0.0000000E+00,  0.0000000E+00, -0.3461370E+04,  0.0000000E+00,  0.2311982E+03,  0.0000000E+00,  0.0000000E+00,  0.0000000E+00,  0.6080005E+05,  0.0000000E+00,  0.0000000E+00,  0.2564521E+05,  0.3429750E+03,  0.2558698E+00,  0.0000000E+00,  0.0000000E+00,  0.0000000E+00,  0.1859432E+05,  0.2255776E+06,  0.1862645E+05,  0.0000000E+00,  167
11/25/1990,  0.1893143E+06,  0.0000000E+00,  0.4177560E+03,  0.1501891E+06,  0.0000000E+00, -0.3661311E+05,  0.1066521E+05,  0.0000000E+00,  0.0000000E+00,  0.0000000E+00,  0.1428396E+07,  0.8197941E+06,  0.1909510E+08,  0.4713213E+10,  0.2809502E+07,  0.1673623E+07,  0.0000000E+00,  0.0000000E+00,  0.0000000E+00, -0.3461370E+04,  0.0000000E+00,  0.8281020E+02,  0.0000000E+00,  0.0000000E+00,  0.0000000E+00,  0.4124464E+05,  0.0000000E+00,  0.0000000E+00,  0.1767407E+05,  0.2124779E+03,  0.2431751E+00,  0.0000000E+00,  0.0000000E+00,  0.0000000E+00,  0.1873313E+05,  0.2257100E+06,  0.1874887E+05,  0.0000000E+00,   39
11/26/1990,  0.2242446E+06,  0.5202668E+04,  0.1605726E+04,  0.2099993E+06,  0.0000000E+00, -0.1403681E+05,  0.3001106E+07,  0.0000000E+00,  0.0000000E+00,  0.0000000E+00,  0.5373070E+07,  0.1114797E+07,  0.1909514E+08,  0.4712984E+10,  0.2811234E+07,  0.1675782E+07,  0.0000000E+00,  0.7308095E+07,  0.0000000E+00, -0.3461370E+04,  0.0000000E+00,  0.0000000E+00,  0.0000000E+00,  0.0000000E+00,  0.0000000E+00,  0.6954586E+05,  0.0000000E+00,  0.2999216E-01,  0.4001160E+04,  0.7623266E+02,  0.5107876E+01,  0.7525401E+00,  0.0000000E+00,  0.0000000E+00,  0.2097352E+05,  0.2290553E+06,  0.2093576E+05,  0.4310657E+07,  324
11/27/1990,  0.2206890E+06,  0.0000000E+00,  0.7565594E+03,  0.1863427E+06,  0.0000000E+00, -0.3204930E+05,  0.2580338E+07,  0.0000000E+00,  0.0000000E+00,  0.0000000E+00,  0.5279692E+07,  0.1107198E+07,  0.1909517E+08,  0.4712736E+10,  0.2805897E+07,  0.1674950E+07,  0.0000000E+00,  0.0000000E+00,  0.0000000E+00, -0.3461370E+04,  0.0000000E+00,  0.4207678E+06,  0.0000000E+00,  0.0000000E+00,  0.0000000E+00,  0.1231526E+06,  0.0000000E+00,  0.9560324E-01,  0.6984746E+04,  0.2570933E+03,  0.3023889E+01,  0.0000000E+00,  0.0000000E+00,  0.0000000E+00,  0.2114966E+05,  0.2283327E+06,  0.2111923E+05,  0.0000000E+00,  351
11/28/1990,  0.2199493E+06,  0.0000000E+00,  0.6881990E+03,  0.1828516E+06,  0.0000000E+00, -0.3558417E+05,  0.1971581E+07,  0.0000000E+00,  0.0000000E+00,  0.0000000E+00,  0.5166341E+07,  0.1094107E+07,  0.1909519E+08,  0.4712481E+10,  0.2800790E+07,  0.1674667E+07,  0.0000000E+00,  0.0000000E+00,  0.0000000E+00, -0.3461370E+04,  0.0000000E+00,  0.6087567E+06,  0.0000000E+00,  0.0000000E+00,  0.0000000E+00,  0.1521477E+06,  0.0000000E+00,  0.2951520E+00,  0.1095608E+05,  0.3887800E+03,  0.2848877E+01,  0.0000000E+00,  0.0000000E+00,  0.0000000E+00,  0.2113087E+05,  0.2282862E+06,  0.2110766E+05,  0.0000000E+00,  235
11/29/1990,  0.2173347E+06,  0.0000000E+00,  0.5990153E+03,  0.1784838E+06,  0.0000000E+00, -0.3606292E+05,  0.1486317E+07,  0.0000000E+00,  0.0000000E+00,  0.0000000E+00,  0.5076596E+07,  0.1077197E+07,  0.1909519E+08,  0.4712223E+10,  0.2794139E+07,  0.1674488E+07,  0.0000000E+00,  0.0000000E+00,  0.0000000E+00, -0.3461370E+04,  0.0000000E+00,  0.4852645E+06,  0.0000000E+00,  0.0000000E+00,  0.0000000E+00,  0.1368499E+06,  0.0000000E+00,  0.9960980E+00,  0.1323620E+05,  0.3370008E+03,  0.2685375E+01,  0.0000000E+00,  0.0000000E+00,  0.0000000E+00,  0.2100111E+05,  0.2281884E+06,  0.2099609E+05,  0.0000000E+00,  325
11/30/1990,  0.2162761E+06,  0.0000000E+00,  0.4461844E+03,  0.1767080E+06,  0.0000000E+00, -0.3458375E+05,  0.1226135E+07,  0.0000000E+00,  0.0000000E+00,  0.0000000E+00,  0.5006628E+07,  0.1063311E+07,  0.1909521E+08,  0.4711966E+10,  0.2785039E+07,  0.1674422E+07,  0.0000000E+00,  0.0000000E+00,  0.0000000E+00, -0.3174610E+04,  0.0000000E+00,  0.2601816E+06,  0.0000000E+00,  0.0000000E+00,  0.0000000E+00,  0.1160815E+06,  0.0000000E+00,  0.4251590E+01,  0.1267060E+05,  0.2822527E+03,  0.2532484E+01,  0.0000000E+00,  0.0000000E+00,  0.0000000E+00,  0.2092269E+05,  0.2282146E+06,  0.2090592E+05,  0.0000000E+00,  383
12/01/1990,  0.2160591E+06,  0.0000000E+00,  0.5527376E+03,  0.1759654E+06,  0.0000000E+00, -0.3897861E+05,  0.1030949E+07,  0.0000000E+00,  0.0000000E+00,  0.0000000E+00,  0.4920240E+07,  0.1053068E+07,  0.1909521E+08,  0.4711703E+10,  0.2779890E+07,  0.1674379E+07,  0.0000000E+00,  0.0000000E+00,  0.0000000E+00, -0.3174610E+04,  0.0000000E+00,  0.1951859E+06,  0.0000000E+00,  0.0000000E+00,  0.0000000E+00,  0.1294880E+06,  0.0000000E+00,  0.1133395E+02,  0.1517282E+05,  0.3256024E+03,  0.2389389E+01,  0.0000000E+00,  0.0000000E+00,  0.0000000E+00,  0.2091580E+05,  0.2281992E+06,  0.2089870E+05,  0.0000000E+00,  250
12/02/1990,  0.2149554E+06,  0.0000000E+00,  0.5688481E+03,  0.1733227E+06,  0.0000000E+00, -0.3841995E+05,  0.8955408E+06,  0.0000000E+00,  0.0000000E+00,  0.0000000E+00,  0.4829675E+07,  0.1040493E+07,  0.1909521E+08,  0.4711438E+10,  0.2772618E+07,  0.1674299E+07,  0.0000000E+00,  0.0000000E+00,  0.0000000E+00, -0.3174610E+04,  0.0000000E+00,  0.1354084E+06,  0.0000000E+00,  0.0000000E+00,  0.0000000E+00,  0.1385937E+06,  0.0000000E+00,  0.1664580E+02,  0.1755308E+05,  0.3361792E+03,  0.2255352E+01,  0.0000000E+00,  0.0000000E+00,  0.0000000E+00,  0.2084482E+05,  0.2280993E+06,  0.2083066E+05,  0.0000000E+00,  396
12/03/1990,  0.2133896E+06,  0.0000000E+00,  0.5162130E+03,  0.1707301E+06,  0.0000000E+00, -0.4127861E+05,  0.7785748E+06,  0.0000000E+00,  0.0000000E+00,  0.0000000E+00,  0.4726069E+07,  0.1026986E+07,  0.1909522E+08,  0.4711167E+10,  0.2767092E+07,  0.1674211E+07,  0.0000000E+00,  0.0000000E+00,  0.0000000E+00, -0.3174610E+04,  0.0000000E+00,  0.1169659E+06,  0.0000000E+00,  0.0000000E+00,  0.0000000E+00,  0.1551503E+06,  0.0000000E+00,  0.1766300E+02,  0.2074621E+05,  0.3903802E+03,  0.2129699E+01,  0.0000000E+00,  0.0000000E+00,  0.0000000E+00,  0.2073797E+05,  0.2279318E+06,  0.2070927E+05,  0.0000000E+00,  334
12/04/1990,  0.2109686E+06,  0.0000000E+00,  0.4853928E+03,  0.1671593E+06,  0.0000000E+00, -0.4164331E+05,  0.6879860E+06,  0.0000000E+00,  0.0000000E+00,  0.0000000E+00,  0.4633313E+07,  0.1011158E+07,  0.1909524E+08,  0.4710894E+10,  0.2760863E+07,  0.1674107E+07,  0.0000000E+00,  0.0000000E+00,  0.0000000E+00, -0.3174610E+04,  0.0000000E+00,  0.9058881E+05,  0.0000000E+00,  0.0000000E+00,  0.0000000E+00,  0.1501966E+06,  0.0000000E+00,  0.1320433E+02,  0.2162884E+05,  0.3735174E+03,  0.2011818E+01,  0.0000000E+00,  0.0000000E+00,  0.0000000E+00,  0.2056283E+05,  0.2277297E+06,  0.2053146E+05,  0.0000000E+00,  486
12/05/1990,  0.2093608E+06,  0.0000000E+00,  0.4431129E+03,  0.1651566E+06,  0.0000000E+00, -0.4113670E+05,  0.6053910E+06,  0.0000000E+00,  0.0000000E+00,  0.0000000E+00,  0.4527808E+07,  0.9976841E+06,  0.1909527E+08,  0.4710620E+10,  0.2753534E+07,  0.1674028E+07,  0.0000000E+00,  0.0000000E+00,  0.0000000E+00, -0.3174610E+04,  0.0000000E+00,  0.8259507E+05,  0.0000000E+00,  0.0000000E+00,  0.0000000E+00,  0.1625521E+06,  0.0000000E+00,  0.4936600E+01,  0.2421685E+05,  0.4310906E+03,  0.1901151E+01,  0.0000000E+00,  0.0000000E+00,  0.0000000E+00,  0.2043029E+05,  0.2275125E+06,  0.2039576E+05,  0.0000000E+00,  254
12/06/1990,  0.2068509E+06,  0.0000000E+00,  0.4475062E+03,  0.1617027E+06,  0.0000000E+00, -0.4288773E+05,  0.5256633E+06,  0.0000000E+00,  0.0000000E+00,  0.0000000E+00,  0.4392396E+07,  0.9821663E+06,  0.1909531E+08,  0.4710338E+10,  0.2746962E+07,  0.1673900E+07,  0.0000000E+00,  0.0000000E+00,  0.0000000E+00, -0.3174610E+04,  0.0000000E+00,  0.7972761E+05,  0.0000000E+00,  0.0000000E+00,  0.0000000E+00,  0.1977935E+06,  0.0000000E+00,  0.7169164E+00,  0.3008351E+05,  0.5541690E+03,  0.1797186E+01,  0.0000000E+00,  0.0000000E+00,  0.0000000E+00,  0.2024393E+05,  0.2271668E+06,  0.2020658E+05,  0.0000000E+00,  422
12/07/1990,  0.2027617E+06,  0.0000000E+00,  0.3806169E+03,  0.1557936E+06,  0.0000000E+00, -0.4391916E+05,  0.4671571E+06,  0.0000000E+00,  0.0000000E+00,  0.0000000E+00,  0.4270238E+07,  0.9601555E+06,  0.1909534E+08,  0.4710053E+10,  0.2739641E+07,  0.1673725E+07,  0.0000000E+00,  0.0000000E+00,  0.0000000E+00, -0.3174610E+04,  0.0000000E+00,  0.5850629E+05,  0.0000000E+00,  0.0000000E+00,  0.0000000E+00,  0.1968758E+06,  0.0000000E+00,  0.8741536E-01,  0.3254113E+05,  0.5515744E+03,  0.1699456E+01,  0.0000000E+00,  0.0000000E+00,  0.0000000E+00,  0.1989608E+05,  0.2266869E+06,  0.1985632E+05,  0.0000000E+00,  285
12/08/1990,  0.1994642E+06,  0.0000000E+00,  0.3176321E+03,  0.1522109E+06,  0.0000000E+00, -0.4443941E+05,  0.4218219E+06,  0.0000000E+00,  0.0000000E+00,  0.0000000E+00,  0.4154477E+07,  0.9404039E+06,  0.1909539E+08,  0.4709765E+10,  0.2732410E+07,  0.1673609E+07,  0.0000000E+00,  0.0000000E+00,  0.0000000E+00, -0.3174610E+04,  0.0000000E+00,  0.4533519E+05,  0.0000000E+00,  0.0000000E+00,  0.0000000E+00,  0.1917788E+06,  0.0000000E+00,  0.0000000E+00,  0.3479138E+05,  0.5597001E+03,  0.1607531E+01,  0.0000000E+00,  0.0000000E+00,  0.0000000E+00,  0.1958156E+05,  0.2262858E+06,  0.1953897E+05,  0.0000000E+00,  292
12/09/1990,  0.1967198E+06,  0.0000000E+00,  0.3093602E+03,  0.1491557E+06,  0.0000000E+00, -0.4588714E+05,  0.3908286E+06,  0.0000000E+00,  0.0000000E+00,  0.0000000E+00,  0.4066888E+07,  0.9226734E+06,  0.1909543E+08,  0.4709477E+10,  0.2726307E+07,  0.1673527E+07,  0.0000000E+00,  0.0000000E+00,  0.0000000E+00, -0.3174610E+04,  0.0000000E+00,  0.3099326E+05,  0.0000000E+00,  0.0000000E+00,  0.0000000E+00,  0.1645790E+06,  0.0000000E+00,  0.0000000E+00,  0.3267141E+05,  0.4830322E+03,  0.1521018E+01,  0.0000000E+00,  0.0000000E+00,  0.0000000E+00,  0.1930109E+05,  0.2259351E+06,  0.1925498E+05,  0.0000000E+00,  248
12/10/1990,  0.1958389E+06,  0.0000000E+00,  0.3185743E+03,  0.1489490E+06,  0.0000000E+00, -0.4376564E+05,  0.3683517E+06,  0.0000000E+00,  0.0000000E+00,  0.0000000E+00,  0.3997236E+07,  0.9122931E+06,  0.1909548E+08,  0.4709196E+10,  0.2718764E+07,  0.1673522E+07,  0.0000000E+00,  0.0000000E+00,  0.0000000E+00, -0.3174610E+04,  0.0000000E+00,  0.2247695E+05,  0.0000000E+00,  0.0000000E+00,  0.0000000E+00,  0.1394320E+06,  0.0000000E+00,  0.0000000E+00,  0.2815037E+05,  0.4327987E+03,  0.1439555E+01,  0.0000000E+00,  0.0000000E+00,  0.0000000E+00,  0.1917778E+05,  0.2257554E+06,  0.1912816E+05,  0.0000000E+00,  400
12/11/1990,  0.2222019E+06,  0.3884876E+04,  0.1250189E+04,  0.1980176E+06,  0.0000000E+00, -0.2693452E+05,  0.3010984E+07,  0.0000000E+00,  0.0000000E+00,  0.0000000E+00,  0.7283956E+07,  0.1160886E+07,  0.1909556E+08,  0.4708950E+10,  0.2721968E+07,  0.1675279E+07,  0.0000000E+00,  0.6437468E+07,  0.0000000E+00, -0.3174610E+04,  0.0000000E+00,  0.0000000E+00,  0.0000000E+00,  0.0000000E+00,  0.0000000E+00,  0.2640803E+06,  0.0000000E+00,  0.1582118E+00,  0.1006603E+05,  0.1959012E+03,  0.6022452E+01,  0.6751629E+00,  0.0000000E+00,  0.0000000E+00,  0.2065636E+05,  0.2283076E+06,  0.2057839E+05,  0.3789322E+07,  308
12/12/1990,  0.2177539E+06,  0.0000000E+00,  0.5121605E+03,  0.1765687E+06,  0.0000000E+00, -0.3825078E+05,  0.2629097E+07,  0.0000000E+00,  0.0000000E+00,  0.0000000E+00,  0.7188275E+07,  0.1142702E+07,  0.1909564E+08,  0.4708696E+10,  0.2715864E+07,  0.1674614E+07,  0.0000000E+00,  0.0000000E+00,  0.0000000E+00, -0.3174610E+04,  0.0000000E+00,  0.3818873E+06,  0.0000000E+00,  0.0000000E+00,  0.0000000E+00,  0.1454423E+06,  0.0000000E+00,  0.2663343E+00,  0.7563003E+04,  0.1997609E+03,  0.3968126E+01,  0.0000000E+00,  0.0000000E+00,  0.0000000E+00,  0.2064484E+05,  0.2276153E+06,  0.2056881E+05,  0.0000000E+00,  199
12/13/1990,  0.2180782E+06,  0.0000000E+00,  0.5451967E+03,  0.1790279E+06,  0.0000000E+00, -0.3766750E+05,  0.2336159E+07,  0.0000000E+00,  0.0000000E+00,  0.0000000E+00,  0.7124086E+07,  0.1135610E+07,  0.1909570E+08,  0.4708441E+10,  0.2710560E+07,  0.1674534E+07,  0.0000000E+00,  0.0000000E+00,  0.0000000E+00, -0.3174610E+04,  0.0000000E+00,  0.2929383E+06,  0.0000000E+00,  0.0000000E+00,  0.0000000E+00,  0.1003564E+06,  0.0000000E+00,  0.3695331E+00,  0.6799449E+04,  0.1530190E+03,  0.3728445E+01,  0.0000000E+00,  0.0000000E+00,  0.0000000E+00,  0.2080402E+05,  0.2277645E+06,  0.2073925E+05,  0.0000000E+00,  307
12/14/1990,  0.2194959E+06,  0.0000000E+00,  0.6221434E+03,  0.1808752E+06,  0.0000000E+00, -0.3829450E+05,  0.2098598E+07,  0.0000000E+00,  0.0000000E+00,  0.0000000E+00,  0.7074117E+07,  0.1131079E+07,  0.1909577E+08,  0.4708186E+10,  0.2706322E+07,  0.1674547E+07,  0.0000000E+00,  0.0000000E+00,  0.0000000E+00, -0.3174610E+04,  0.0000000E+00,  0.2375604E+06,  0.0000000E+00,  0.0000000E+00,  0.0000000E+00,  0.8161233E+05,  0.0000000E+00,  0.3705067E+00,  0.6047182E+04,  0.1377606E+03,  0.3505603E+01,  0.0000000E+00,  0.0000000E+00,  0.0000000E+00,  0.2101049E+05,  0.2279316E+06,  0.2094235E+05,  0.0000000E+00,  182
12/15/1990,  0.2745326E+06,  0.6667287E+04,  0.2405743E+04,  0.2794488E+06,  0.0000000E+00, -0.7256344E+04,  0.6633927E+07,  0.0000000E+00,  0.0000000E+00,  0.0000000E+00,  0.1273781E+08,  0.1589773E+07,  0.1909729E+08,  0.4707968E+10,  0.2723647E+07,  0.1676859E+07,  0.0000000E+00,  0.1104809E+08,  0.0000000E+00, -0.3174610E+04,  0.0000000E+00,  0.0000000E+00,  0.0000000E+00,  0.0000000E+00,  0.0000000E+00,  0.3077300E+06,  0.0000000E+00,  0.9606147E-01,  0.8003778E+03,  0.8864635E+02,  0.1359800E+02,  0.1158725E+01,  0.0000000E+00,  0.0000000E+00,  0.2579286E+05,  0.2327845E+06,  0.2427305E+05,  0.6503296E+07,  319
12/16/1990,  0.2849188E+06,  0.3464889E+04,  0.2060978E+04,  0.2801858E+06,  0.0000000E+00, -0.1759103E+05,  0.8990869E+07,  0.0000000E+00,  0.0000000E+00,  0.0000000E+00,  0.1534326E+08,  0.1893889E+07,  0.1910437E+08,  0.4707741E+10,  0.2739135E+07,  0.1676868E+07,  0.0000000E+00,  0.5741525E+07,  0.0000000E+00, -0.3174610E+04,  0.0000000E+00,  0.0000000E+00,  0.0000000E+00,  0.0000000E+00,  0.0000000E+00,  0.3900672E+06,  0.0000000E+00,  0.4743949E+00,  0.6504597E+03,  0.1027845E+03,  0.2112610E+02,  0.6021724E+00,  0.0000000E+00,  0.0000000E+00,  0.3235985E+05,  0.2333075E+06,  0.2527582E+05,  0.3379666E+07,  216
12/17/1990,  0.2678615E+06,  0.0000000E+00,  0.8352562E+03,  0.2387233E+06,  0.0000000E+00, -0.4028784E+05,  0.8588557E+07,  0.0000000E+00,  0.0000000E+00,  0.0000000E+00,  0.1486477E+08,  0.1807893E+07,  0.1911075E+08,  0.4707493E+10,  0.2748228E+07,  0.1676050E+07,  0.0000000E+00,  0.0000000E+00,  0.0000000E+00, -0.3174610E+04,  0.0000000E+00,  0.4023123E+06,  0.0000000E+00,  0.0000000E+00,  0.0000000E+00,  0.5269234E+06,  0.0000000E+00,  0.2044161E+01,  0.1026268E+04,  0.2355526E+03,  0.1403687E+02,  0.0000000E+00,  0.0000000E+00,  0.0000000E+00,  0.3107365E+05,  0.2317839E+06,  0.2469598E+05,  0.0000000E+00,  179
12/18/1990,  0.2563504E+06,  0.0000000E+00,  0.6822112E+03,  0.2261228E+06,  0.0000000E+00, -0.3906588E+05,  0.8242683E+07,  0.0000000E+00,  0.0000000E+00,  0.0000000E+00,  0.1448727E+08,  0.1726262E+07,  0.1911634E+08,  0.4707245E+10,  0.2753548E+07,  0.1675792E+07,  0.0000000E+00,  0.0000000E+00,  0.0000000E+00, -0.3174610E+04,  0.0000000E+00,  0.3458733E+06,  0.0000000E+00,  0.0000000E+00,  0.0000000E+00,  0.4352158E+06,  0.0000000E+00,  0.2523947E+01,  0.1100944E+04,  0.1980944E+03,  0.1215350E+02,  0.0000000E+00,  0.0000000E+00,  0.0000000E+00,  0.2930285E+05,  0.2313129E+06,  0.2370875E+05,  0.0000000E+00,  376
12/19/1990,  0.2812272E+06,  0.4873720E+04,  0.2791389E+04,  0.2679214E+06,  0.0000000E+00, -0.2556341E+05,  0.1112326E+08,  0.2760174E+07,  0.0000000E+00,  0.0000000E+00,  0.1674386E+08,  0.1867023E+07,  0.1912197E+08,  0.4707010E+10,  0.2770751E+07,  0.1676279E+07,  0.0000000E+00,  0.8177323E+07,  0.0000000E+00, -0.3174610E+04,  0.0000000E+00,  0.0000000E+00,  0.1236923E+05,  0.0000000E+00,  0.0000000E+00,  0.5225503E+05,  0.0000000E+00,  0.3749045E+01,  0.3027468E+03,  0.1236669E+01,  0.4614305E+02,  0.8576393E+00,  0.0000000E+00,  0.0000000E+00,  0.3079728E+05,  0.2330145E+06,  0.2516373E+05,  0.2517263E+07,  322
12/20/1990,  0.2996070E+06,  0.7282697E+04,  0.7883203E+04,  0.2792805E+06,  0.0000000E+00, -0.2357378E+05,  0.1541234E+08,  0.9249243E+07,  0.0000000E+00,  0.0000000E+00,  0.1833379E+08,  0.2001758E+07,  0.1912945E+08,  0.4706779E+10,  0.2788129E+07,  0.1676225E+07,  0.0000000E+00,  0.1261396E+08,  0.0000000E+00, -0.3174610E+04,  0.0000000E+00,  0.0000000E+00,  0.0000000E+00,  0.0000000E+00,  0.0000000E+00,  0.1363831E+05,  0.0000000E+00,  0.1120559E+01,  0.4614339E+02,  0.0000000E+00,  0.3959535E+02,  0.1999214E+00,  0.0000000E+00,  0.0000000E+00,  0.3402373E+05,  0.2332969E+06,  0.2655103E+05,  0.1825333E+07,  349
12/21/1990,  0.2805235E+06,  0.7766581E+01,  0.9984244E+03,  0.2513192E+06,  0.0000000E+00, -0.4016105E+05,  0.1540856E+08,  0.9170641E+07,  0.0000000E+00,  0.0000000E+00,  0.1842231E+08,  0.1932430E+07,  0.1913653E+08,  0.4706533E+10,  0.2796780E+07,  0.1675874E+07,  0.0000000E+00,  0.0000000E+00,  0.0000000E+00, -0.3174610E+04,  0.0000000E+00,  0.3781768E+04,  0.0000000E+00,  0.0000000E+00,  0.0000000E+00,  0.7371502E+04,  0.0000000E+00,  0.1549463E+01,  0.1979136E+02,  0.0000000E+00,  0.3189797E+02,  0.0000000E+00,  0.0000000E+00,  0.0000000E+00,  0.3323295E+05,  0.2326684E+06,  0.2614427E+05,  0.7859338E+05,  137
12/22/1990,  0.2827815E+06,  0.1182098E+03,  0.1041480E+04,  0.3027444E+06,  0.0000000E+00, -0.1049778E+05,  0.1540803E+08,  0.5580887E+07,  0.0000000E+00,  0.0000000E+00,  0.2150669E+08,  0.2324415E+07,  0.1915346E+08,  0.4706296E+10,  0.2819892E+07,  0.1676914E+07,  0.0000000E+00,  0.0000000E+00,  0.0000000E+00, -0.3174610E+04,  0.0000000E+00,  0.5311602E+03,  0.0000000E+00,  0.0000000E+00,  0.0000000E+00,  0.1370098E+04,  0.0000000E+00,  0.4907016E+00,  0.3778614E+01,  0.0000000E+00,  0.5646988E+02,  0.2616074E+00,  0.0000000E+00,  0.0000000E+00,  0.4404508E+05,  0.2350936E+06,  0.2712479E+05,  0.3589636E+07,  155
12/23/1990,  0.2974270E+06,  0.9486532E+02,  0.1107267E+04,  0.3177985E+06,  0.0000000E+00, -0.1144562E+05,  0.1535244E+08,  0.3728269E+07,  0.0000000E+00,  0.0000000E+00,  0.2262713E+08,  0.2828840E+07,  0.1918993E+08,  0.4706068E+10,  0.2847055E+07,  0.1677909E+07,  0.0000000E+00,  0.0000000E+00,  0.0000000E+00, -0.3174610E+04,  0.0000000E+00,  0.5558374E+05,  0.5821106E+04,  0.0000000E+00,  0.0000000E+00,  0.7630089E+05,  0.0000000E+00,  0.6530246E+02,  0.1900735E+03,  0.6608305E+01,  0.9828635E+02,  0.5425678E+00,  0.0000000E+00,  0.0000000E+00,  0.6385432E+05,  0.2364324E+06,  0.2731088E+05,  0.1846701E+07,  363
12/24/1990,  0.3021448E+06,  0.7253869E+02,  0.1140365E+04,  0.3102623E+06,  0.0000000E+00, -0.2370519E+05,  0.1517337E+08,  0.2741361E+07,  0.0000000E+00,  0.0000000E+00,  0.2294576E+08,  0.3084958E+07,  0.1923807E+08,  0.4705834E+10,  0.2876134E+07,  0.1677780E+07,  0.0000000E+00,  0.0000000E+00,  0.0000000E+00, -0.3174610E+04,  0.0000000E+00,  0.1790726E+06,  0.1026236E+05,  0.0000000E+00,  0.0000000E+00,  0.2522444E+06,  0.0000000E+00,  0.2123025E+03,  0.5865469E+03,  0.8748699E+02,  0.8069877E+02,  0.2717989E+00,  0.0000000E+00,  0.0000000E+00,  0.7554175E+05,  0.2365461E+06,  0.2719052E+05,  0.9765731E+06,  573
12/25/1990,  0.2967060E+06,  0.4500320E+02,  0.1031111E+04,  0.2972608E+06,  0.0000000E+00, -0.2833386E+05,  0.1487018E+08,  0.2150542E+07,  0.0000000E+00,  0.0000000E+00,  0.2289414E+08,  0.3141244E+07,  0.1929019E+08,  0.4705596E+10,  0.2902124E+07,  0.1677525E+07,  0.0000000E+00,  0.0000000E+00,  0.0000000E+00, -0.3174610E+04,  0.0000000E+00,  0.3031932E+06,  0.9424257E+04,  0.0000000E+00,  0.0000000E+00,  0.4361924E+06,  0.0000000E+00,  0.3229819E+03,  0.7401005E+03,  0.1727150E+03,  0.6691234E+02,  0.0000000E+00,  0.0000000E+00,  0.0000000E+00,  0.7926126E+05,  0.2362355E+06,  0.2683262E+05,  0.5813499E+06,  292
12/26/1990,  0.2876067E+06,  0.2512142E+02,  0.9016581E+03,  0.2828604E+06,  0.0000000E+00, -0.3108519E+05,  0.1449066E+08,  0.1759824E+07,  0.0000000E+00,  0.0000000E+00,  0.2264912E+08,  0.3093210E+07,  0.1934283E+08,  0.4705354E+10,  0.2925440E+07,  0.1677208E+07,  0.0000000E+00,  0.0000000E+00,  0.0000000E+00, -0.3174610E+04,  0.0000000E+00,  0.3795206E+06,  0.6971985E+04,  0.0000000E+00,  0.0000000E+00,  0.5502680E+06,  0.0000000E+00,  0.3236363E+03,  0.7155557E+03,  0.2234812E+03,  0.5169614E+02,  0.0000000E+00,  0.0000000E+00,  0.0000000E+00,  0.7928523E+05,  0.2356994E+06,  0.2632502E+05,  0.3837202E+06,  445
12/27/1990,  0.2780150E+06,  0.7370842E+01,  0.7604776E+03,  0.2665318E+06,  0.0000000E+00, -0.3492772E+05,  0.1415015E+08,  0.1580716E+07,  0.0000000E+00,  0.0000000E+00,  0.2236223E+08,  0.2954449E+07,  0.1939217E+08,  0.4705108E+10,  0.2945970E+07,  0.1676801E+07,  0.0000000E+00,  0.0000000E+00,  0.0000000E+00, -0.3174610E+04,  0.0000000E+00,  0.3405061E+06,  0.3789033E+04,  0.0000000E+00,  0.0000000E+00,  0.4941438E+06,  0.0000000E+00,  0.2623891E+03,  0.6905932E+03,  0.1869160E+03,  0.4102797E+02,  0.0000000E+00,  0.0000000E+00,  0.0000000E+00,  0.7533408E+05,  0.2349563E+06,  0.2575109E+05,  0.1753120E+06,  456
12/28/1990,  0.2714216E+06,  0.2771414E+01,  0.6955810E+03,  0.2563162E+06,  0.0000000E+00, -0.3695631E+05,  0.1387278E+08,  0.1462201E+07,  0.0000000E+00,  0.0000000E+00,  0.2211774E+08,  0.2821485E+07,  0.1943840E+08,  0.4704860E+10,  0.2964501E+07,  0.1676548E+07,  0.0000000E+00,  0.0000000E+00,  0.0000000E+00, -0.3174610E+04,  0.0000000E+00,  0.2773707E+06,  0.2387447E+04,  0.0000000E+00,  0.0000000E+00,  0.4002104E+06,  0.0000000E+00,  0.2274952E+03,  0.5205213E+03,  0.1508512E+03,  0.3299513E+02,  0.0000000E+00,  0.0000000E+00,  0.0000000E+00,  0.7170890E+05,  0.2344964E+06,  0.2527862E+05,  0.1161251E+06,  552
12/29/1990,  0.2667837E+06,  0.1040446E+01,  0.7676744E+03,  0.2481934E+06,  0.0000000E+00, -0.3956662E+05,  0.1369371E+08,  0.1396576E+07,  0.0000000E+00,  0.0000000E+00,  0.2197013E+08,  0.2692975E+07,  0.1948144E+08,  0.4704610E+10,  0.2982317E+07,  0.1676327E+07,  0.0000000E+00,  0.0000000E+00,  0.0000000E+00, -0.3174610E+04,  0.0000000E+00,  0.1790701E+06,  0.1051221E+04,  0.0000000E+00,  0.0000000E+00,  0.2585365E+06,  0.0000000E+00,  0.1529183E+03,  0.3718208E+03,  0.7845104E+02,  0.2693843E+02,  0.0000000E+00,  0.0000000E+00,  0.0000000E+00,  0.6813450E+05,  0.2340773E+06,  0.2496329E+05,  0.6457211E+05,  338
12/30/1990,  0.2645955E+06,  0.1514752E+01,  0.8038588E+03,  0.2461908E+06,  0.0000000E+00, -0.3913098E+05,  0.1340289E+08,  0.1288320E+07,  0.0000000E+00,  0.0000000E+00,  0.2164596E+08,  0.2628284E+07,  0.1952316E+08,  0.4704311E+10,  0.2999713E+07,  0.1676276E+07,  0.0000000E+00,  0.0000000E+00,  0.0000000E+00, -0.5196262E+05,  0.0000000E+00,  0.2908262E+06,  0.1899958E+04,  0.0000000E+00,  0.0000000E+00,  0.4162299E+06,  0.0000000E+00,  0.2976285E+03,  0.4534681E+03,  0.1658602E+03,  0.2290623E+02,  0.0000000E+00,  0.0000000E+00,  0.0000000E+00,  0.6679821E+05,  0.2339353E+06,  0.2481116E+05,  0.1063547E+06,  435
12/31/1990,  0.2617406E+06,  0.1862008E+01,  0.8071047E+03,  0.2420550E+06,  0.0000000E+00, -0.3447928E+05,  0.1294606E+08,  0.1119227E+07,  0.0000000E+00,  0.0000000E+00,  0.2115183E+08,  0.2564420E+07,  0.1956346E+08,  0.4704017E+10,  0.3010891E+07,  0.1676230E+07,  0.0000000E+00,  0.0000000E+00,  0.0000000E+00, -0.5196262E+05,  0.0000000E+00,  0.4568220E+06,  0.2529968E+04,  0.0000000E+00,  0.0000000E+00,  0.6508517E+06,  0.0000000E+00,  0.5199803E+03,  0.7456358E+03,  0.2787512E+03,  0.1858750E+02,  0.0000000E+00,  0.0000000E+00,  0.0000000E+00,  0.6543051E+05,  0.2337179E+06,  0.2463765E+05,  0.1665611E+06,  371
01/01/1991,  0.2571490E+06,  0.1711826E+01,  0.6895212E+03,  0.2348569E+06,  0.0000000E+00, -0.4127703E+05,  0.1237441E+08,  0.9399241E+06,  0.0000000E+00,  0.0000000E+00,  0.2054857E+08,  0.2468442E+07,  0.1960121E+08,  0.4703716E+10,  0.3026157E+07,  0.1676119E+07,  0.0000000E+00,  0.0000000E+00,  0.0000000E+00, -0.5196262E+05,  0.0000000E+00,  0.5716566E+06,  0.2297905E+04,  0.0000000E+00,  0.0000000E+00,  0.8122413E+06,  0.0000000E+00,  0.6784799E+03,  0.1215672E+04,  0.3626288E+03,  0.1372839E+02,  0.0000000E+00,  0.0000000E+00,  0.0000000E+00,  0.6269265E+05,  0.2333591E+06,  0.2430189E+05,  0.1770035E+06,  475
01/02/1991,  0.2507103E+06,  0.3446143E+00,  0.5884259E+03,  0.2240905E+06,  0.0000000E+00, -0.4199745E+05,  0.1188607E+08,  0.8757946E+06,  0.0000000E+00,  0.0000000E+00,  0.2002011E+08,  0.2321240E+07,  0.1963479E+08,  0.4703414E+10,  0.3037886E+07,  0.1675886E+07,  0.0000000E+00,  0.0000000E+00,  0.0000000E+00, -0.5196262E+05,  0.0000000E+00,  0.4883358E+06,  0.1234834E+04,  0.0000000E+00,  0.0000000E+00,  0.6893907E+06,  0.0000000E+00,  0.7546737E+03,  0.1544014E+04,  0.2979042E+03,  0.1015813E+02,  0.0000000E+00,  0.0000000E+00,  0.0000000E+00,  0.5814410E+05,  0.2327751E+06,  0.2387407E+05,  0.6289424E+05,  567
01/03/1991,  0.2464272E+06,  0.2941251E+00,  0.5327956E+03,  0.2187802E+06,  0.0000000E+00, -0.3501981E+05,  0.1145133E+08,  0.8226088E+06,  0.0000000E+00,  0.0000000E+00,  0.1952038E+08,  0.2208151E+07,  0.1966516E+08,  0.4703119E+10,  0.3041479E+07,  0.1675764E+07,  0.0000000E+00,  0.0000000E+00,  0.0000000E+00, -0.5196262E+05,  0.0000000E+00,  0.4347375E+06,  0.9399743E+03,  0.0000000E+00,  0.0000000E+00,  0.6243689E+06,  0.0000000E+00,  0.8510091E+03,  0.1645416E+04,  0.2824975E+03,  0.7999345E+01,  0.0000000E+00,  0.0000000E+00,  0.0000000E+00,  0.5470157E+05,  0.2324385E+06,  0.2355356E+05,  0.5224559E+05,  635
01/04/1991,  0.2574930E+06,  0.1371946E+04,  0.9385125E+03,  0.2527304E+06,  0.0000000E+00, -0.2410811E+05,  0.1222482E+08,  0.4818869E+06,  0.0000000E+00,  0.0000000E+00,  0.1972343E+08,  0.2517843E+07,  0.1970611E+08,  0.4702829E+10,  0.3058214E+07,  0.1676773E+07,  0.0000000E+00,  0.1930330E+07,  0.0000000E+00, -0.5196262E+05,  0.0000000E+00,  0.0000000E+00,  0.1052449E+04,  0.0000000E+00,  0.0000000E+00,  0.8977127E+06,  0.0000000E+00,  0.5365405E+03,  0.1786902E+04,  0.2896791E+03,  0.1248486E+02,  0.2006603E+00,  0.0000000E+00,  0.0000000E+00,  0.6555341E+05,  0.2341365E+06,  0.2412546E+05,  0.1494662E+07,  473
01/05/1991,  0.2475481E+06,  0.3812289E-01,  0.5964248E+03,  0.2239776E+06,  0.0000000E+00, -0.3821023E+05,  0.1178264E+08,  0.4587233E+06,  0.0000000E+00,  0.0000000E+00,  0.1928664E+08,  0.2378376E+07,  0.1974297E+08,  0.4702530E+10,  0.3069762E+07,  0.1676046E+07,  0.0000000E+00,  0.0000000E+00,  0.0000000E+00, -0.5196262E+05,  0.0000000E+00,  0.4421795E+06,  0.3175011E+03,  0.0000000E+00,  0.0000000E+00,  0.5468357E+06,  0.0000000E+00,  0.9081075E+03,  0.1998084E+04,  0.2731904E+03,  0.7557506E+01,  0.0000000E+00,  0.0000000E+00,  0.0000000E+00,  0.6129125E+05,  0.2327071E+06,  0.2359331E+05,  0.2284606E+05,  537
01/06/1991,  0.2440026E+06,  0.3547679E-01,  0.6362274E+03,  0.2199975E+06,  0.0000000E+00, -0.3894288E+05,  0.1133653E+08,  0.4398974E+06,  0.0000000E+00,  0.0000000E+00,  0.1875982E+08,  0.2259444E+07,  0.1977588E+08,  0.4702230E+10,  0.3081103E+07,  0.1675849E+07,  0.0000000E+00,  0.0000000E+00,  0.0000000E+00, -0.5196262E+05,  0.0000000E+00,  0.4461078E+06,  0.3023082E+03,  0.0000000E+00,  0.0000000E+00,  0.6194179E+06,  0.0000000E+00,  0.1198006E+04,  0.2908283E+04,  0.3175662E+03,  0.6649648E+01,  0.0000000E+00,  0.0000000E+00,  0.0000000E+00,  0.5746882E+05,  0.2323625E+06,  0.2343466E+05,  0.1852352E+05,  461
01/07/1991,  0.2391782E+06,  0.2811581E-01,  0.6277239E+03,  0.2137700E+06,  0.0000000E+00, -0.3245425E+05,  0.1088200E+08,  0.4253559E+06,  0.0000000E+00,  0.0000000E+00,  0.1821151E+08,  0.2144181E+07,  0.1980467E+08,  0.4701936E+10,  0.3084670E+07,  0.1675619E+07,  0.0000000E+00,  0.0000000E+00,  0.0000000E+00, -0.5196262E+05,  0.0000000E+00,  0.4545358E+06,  0.2729462E+03,  0.0000000E+00,  0.0000000E+00,  0.6425367E+06,  0.0000000E+00,  0.1736039E+04,  0.3881342E+04,  0.3413758E+03,  0.6204604E+01,  0.0000000E+00,  0.0000000E+00,  0.0000000E+00,  0.5375971E+05,  0.2319672E+06,  0.2330566E+05,  0.1426854E+05,  513
01/08/1991,  0.2349401E+06,  0.2162982E-01,  0.5717133E+03,  0.2080662E+06,  0.0000000E+00, -0.3510555E+05,  0.1046172E+08,  0.4146692E+06,  0.0000000E+00,  0.0000000E+00,  0.1770151E+08,  0.2035783E+07,  0.1982965E+08,  0.4701637E+10,  0.3089468E+07,  0.1675353E+07,  0.0000000E+00,  0.0000000E+00,  0.0000000E+00, -0.5196262E+05,  0.0000000E+00,  0.4202717E+06,  0.2307923E+03,  0.0000000E+00,  0.0000000E+00,  0.6023352E+06,  0.0000000E+00,  0.2397727E+04,  0.4984583E+04,  0.3295069E+03,  0.5795830E+01,  0.0000000E+00,  0.0000000E+00,  0.0000000E+00,  0.5033850E+05,  0.2315743E+06,  0.2304550E+05,  0.1045594E+05,  521
01/09/1991,  0.2447869E+06,  0.1369384E+04,  0.8575308E+03,  0.2375534E+06,  0.0000000E+00, -0.2312194E+05,  0.1124318E+08,  0.2412281E+06,  0.0000000E+00,  0.0000000E+00,  0.1820988E+08,  0.2301678E+07,  0.1986493E+08,  0.4701351E+10,  0.3102922E+07,  0.1676316E+07,  0.0000000E+00,  0.1930330E+07,  0.0000000E+00, -0.5196262E+05,  0.0000000E+00,  0.0000000E+00,  0.2864848E+03,  0.0000000E+00,  0.0000000E+00,  0.4815014E+06,  0.0000000E+00,  0.1042150E+04,  0.3353205E+04,  0.1489630E+03,  0.1096929E+02,  0.2006603E+00,  0.0000000E+00,  0.0000000E+00,  0.5982402E+05,  0.2329414E+06,  0.2357107E+05,  0.1320179E+07,  698
01/10/1991,  0.2392462E+06,  0.4684236E-02,  0.6814530E+03,  0.2183062E+06,  0.0000000E+00, -0.2939078E+05,  0.1077820E+08,  0.2358684E+06,  0.0000000E+00,  0.0000000E+00,  0.1778796E+08,  0.2193666E+07,  0.1989568E+08,  0.4701059E+10,  0.3108266E+07,  0.1675821E+07,  0.0000000E+00,  0.0000000E+00,  0.0000000E+00, -0.5196262E+05,  0.0000000E+00,  0.4649787E+06,  0.9707824E+02,  0.0000000E+00,  0.0000000E+00,  0.4928472E+06,  0.0000000E+00,  0.2192334E+04,  0.4811827E+04,  0.3032886E+03,  0.7430872E+01,  0.0000000E+00,  0.0000000E+00,  0.0000000E+00,  0.5624447E+05,  0.2319942E+06,  0.2337507E+05,  0.5262684E+04,  457
01/11/1991,  0.2343634E+06,  0.3828609E-01,  0.5833128E+03,  0.2127800E+06,  0.0000000E+00, -0.3197566E+05,  0.1025799E+08,  0.2188071E+06,  0.0000000E+00,  0.0000000E+00,  0.1713682E+08,  0.2094641E+07,  0.1992145E+08,  0.4700762E+10,  0.3115202E+07,  0.1675528E+07,  0.0000000E+00,  0.0000000E+00,  0.0000000E+00, -0.5196262E+05,  0.0000000E+00,  0.5202095E+06,  0.1498187E+03,  0.0000000E+00,  0.0000000E+00,  0.7330681E+06,  0.0000000E+00,  0.4228290E+04,  0.7097926E+04,  0.4686143E+03,  0.6319630E+01,  0.0000000E+00,  0.0000000E+00,  0.0000000E+00,  0.5309676E+05,  0.2315731E+06,  0.2316716E+05,  0.1691141E+05,  529
01/12/1991,  0.2283879E+06,  0.3421613E-01,  0.5796583E+03,  0.2037659E+06,  0.0000000E+00, -0.3240558E+05,  0.9761287E+07,  0.2040308E+06,  0.0000000E+00,  0.0000000E+00,  0.1652425E+08,  0.1982177E+07,  0.1994153E+08,  0.4700462E+10,  0.3119760E+07,  0.1675166E+07,  0.0000000E+00,  0.0000000E+00,  0.0000000E+00, -0.5196262E+05,  0.0000000E+00,  0.4967054E+06,  0.1249718E+03,  0.0000000E+00,  0.0000000E+00,  0.7176732E+06,  0.0000000E+00,  0.6813420E+04,  0.9763820E+04,  0.4714337E+03,  0.5211367E+01,  0.0000000E+00,  0.0000000E+00,  0.0000000E+00,  0.4957412E+05,  0.2310214E+06,  0.2274935E+05,  0.1465126E+05,  310
01/13/1991,  0.2231556E+06,  0.1331524E-01,  0.4278006E+03,  0.1967554E+06,  0.0000000E+00, -0.2946955E+05,  0.9347479E+07,  0.1963914E+06,  0.0000000E+00,  0.0000000E+00,  0.1601376E+08,  0.1875784E+07,  0.1995608E+08,  0.4700163E+10,  0.3118944E+07,  0.1674908E+07,  0.0000000E+00,  0.0000000E+00,  0.0000000E+00, -0.5196262E+05,  0.0000000E+00,  0.4138084E+06,  0.9297662E+02,  0.0000000E+00,  0.0000000E+00,  0.6123579E+06,  0.0000000E+00,  0.9593885E+04,  0.1124392E+05,  0.4257110E+03,  0.4880549E+01,  0.0000000E+00,  0.0000000E+00,  0.0000000E+00,  0.4635878E+05,  0.2305803E+06,  0.2228784E+05,  0.7546405E+04,  705
01/14/1991,  0.2195299E+06,  0.6361422E-02,  0.4151651E+03,  0.1922688E+06,  0.0000000E+00, -0.3494300E+05,  0.9034744E+07,  0.1915007E+06,  0.0000000E+00,  0.0000000E+00,  0.1562788E+08,  0.1785302E+07,  0.1996825E+08,  0.4699859E+10,  0.3122947E+07,  0.1674756E+07,  0.0000000E+00,  0.0000000E+00,  0.0000000E+00, -0.5196262E+05,  0.0000000E+00,  0.3127350E+06,  0.6747741E+02,  0.0000000E+00,  0.0000000E+00,  0.4760221E+06,  0.0000000E+00,  0.9565964E+04,  0.1083553E+05,  0.3469091E+03,  0.4574744E+01,  0.0000000E+00,  0.0000000E+00,  0.0000000E+00,  0.4358843E+05,  0.2302259E+06,  0.2193073E+05,  0.4823214E+04,  156
