<?xml version="1.0" encoding="UTF-8"?>
<metadata xml:lang="en"><Esri><CreaDate>20150331</CreaDate><CreaTime>14005000</CreaTime><ArcGISFormat>1.0</ArcGISFormat><SyncOnce>FALSE</SyncOnce><DataProperties><lineage><Process ToolSource="c:\program files (x86)\arcgis\desktop10.1\ArcToolbox\Toolboxes\Data Management Tools.tbx\CalculateField" Date="20150315" Time="102853">CalculateField iseg_v4 diff "[NEW_FLOW_A] - [FLOW_ACC]" VB #</Process><Process ToolSource="c:\program files (x86)\arcgis\desktop10.1\ArcToolbox\Toolboxes\Analysis Tools.tbx\SpatialJoin" Date="20150315" Time="103830">SpatialJoin iseg_v4 flow_acc_points D:\justinh\Documents\ArcGIS\Default.gdb\iseg_v5 JOIN_ONE_TO_ONE KEEP_ALL "ORIG_FID "ORIG_FID" true true false 9 Long 0 9 ,First,#,D:\Huntington Hydrologic\carmel\MODFLOW\SFR\iseg_v4.shp,ORIG_FID,-1,-1;HRU_ID "HRU_ID" true true false 9 Long 0 9 ,First,#,D:\Huntington Hydrologic\carmel\MODFLOW\SFR\iseg_v4.shp,HRU_ID,-1,-1;HRU_ROW "HRU_ROW" true true false 9 Long 0 9 ,First,#,D:\Huntington Hydrologic\carmel\MODFLOW\SFR\iseg_v4.shp,HRU_ROW,-1,-1;HRU_COL "HRU_COL" true true false 9 Long 0 9 ,First,#,D:\Huntington Hydrologic\carmel\MODFLOW\SFR\iseg_v4.shp,HRU_COL,-1,-1;ISEG "ISEG" true true false 9 Long 0 9 ,First,#,D:\Huntington Hydrologic\carmel\MODFLOW\SFR\iseg_v4.shp,ISEG,-1,-1;KRCH "KRCH" true true false 9 Long 0 9 ,First,#,D:\Huntington Hydrologic\carmel\MODFLOW\SFR\iseg_v4.shp,KRCH,-1,-1;IRCH "IRCH" true true false 9 Long 0 9 ,First,#,D:\Huntington Hydrologic\carmel\MODFLOW\SFR\iseg_v4.shp,IRCH,-1,-1;JRCH "JRCH" true true false 9 Long 0 9 ,First,#,D:\Huntington Hydrologic\carmel\MODFLOW\SFR\iseg_v4.shp,JRCH,-1,-1;IREACH "IREACH" true true false 9 Long 0 9 ,First,#,D:\Huntington Hydrologic\carmel\MODFLOW\SFR\iseg_v4.shp,IREACH,-1,-1;RCHLEN "RCHLEN" true true false 9 Long 0 9 ,First,#,D:\Huntington Hydrologic\carmel\MODFLOW\SFR\iseg_v4.shp,RCHLEN,-1,-1;OUTSEG "OUTSEG" true true false 9 Long 0 9 ,First,#,D:\Huntington Hydrologic\carmel\MODFLOW\SFR\iseg_v4.shp,OUTSEG,-1,-1;IUPSEG "IUPSEG" true true false 9 Long 0 9 ,First,#,D:\Huntington Hydrologic\carmel\MODFLOW\SFR\iseg_v4.shp,IUPSEG,-1,-1;STRM_SLOPE "STRM_SLOPE" true true false 13 Float 0 0 ,First,#,D:\Huntington Hydrologic\carmel\MODFLOW\SFR\iseg_v4.shp,STRM_SLOPE,-1,-1;DEM_ADJ_NE "DEM_ADJ_NE" true true false 16 Double 6 15 ,First,#,D:\Huntington Hydrologic\carmel\MODFLOW\SFR\iseg_v4.shp,DEM_ADJ_NE,-1,-1;Lay1_bot_n "Lay1_bot_n" true true false 16 Double 6 15 ,First,#,D:\Huntington Hydrologic\carmel\MODFLOW\SFR\iseg_v4.shp,Lay1_bot_n,-1,-1;STRM_TOP_I "STRM_TOP_I" true true false 16 Double 6 15 ,First,#,D:\Huntington Hydrologic\carmel\MODFLOW\SFR\iseg_v4.shp,STRM_TOP_I,-1,-1;WIDTH_IN "WIDTH_IN" true true false 16 Double 6 15 ,First,#,D:\Huntington Hydrologic\carmel\MODFLOW\SFR\iseg_v4.shp,WIDTH_IN,-1,-1;FLOW_ACC "FLOW_ACC" true true false 16 Double 6 15 ,First,#,D:\Huntington Hydrologic\carmel\MODFLOW\SFR\iseg_v4.shp,FLOW_ACC,-1,-1;DEM_ADJ_IN "DEM_ADJ_IN" true true false 16 Double 6 15 ,First,#,D:\Huntington Hydrologic\carmel\MODFLOW\SFR\iseg_v4.shp,DEM_ADJ_IN,-1,-1;HRU_ID_1 "HRU_ID_1" true true false 16 Double 6 15 ,First,#,D:\Huntington Hydrologic\carmel\MODFLOW\SFR\iseg_v4.shp,HRU_ID_1,-1,-1;INCISSION "INCISSION" true true false 13 Float 0 0 ,First,#,D:\Huntington Hydrologic\carmel\MODFLOW\SFR\iseg_v4.shp,INCISSION,-1,-1;StrmTop_L1 "StrmTop_L1" true true false 13 Float 0 0 ,First,#,D:\Huntington Hydrologic\carmel\MODFLOW\SFR\iseg_v4.shp,StrmTop_L1,-1,-1;INCISS_v2 "INCISS_v2" true true false 13 Float 0 0 ,First,#,D:\Huntington Hydrologic\carmel\MODFLOW\SFR\iseg_v4.shp,INCISS_v2,-1,-1;STRMTOP_v2 "STRMTOP_v2" true true false 13 Float 0 0 ,First,#,D:\Huntington Hydrologic\carmel\MODFLOW\SFR\iseg_v4.shp,STRMTOP_v2,-1,-1;HRU_ID_12 "HRU_ID_12" true true false 16 Double 6 15 ,First,#,D:\Huntington Hydrologic\carmel\MODFLOW\SFR\iseg_v4.shp,HRU_ID_12,-1,-1;NEW_FLOW_A "NEW_FLOW_A" true true false 16 Double 6 15 ,First,#,D:\Huntington Hydrologic\carmel\MODFLOW\SFR\iseg_v4.shp,NEW_FLOW_A,-1,-1;diff "diff" true true false 13 Float 0 0 ,First,#,D:\Huntington Hydrologic\carmel\MODFLOW\SFR\iseg_v4.shp,diff,-1,-1;POINTID "POINTID" true true false 6 Long 0 6 ,First,#,D:\Huntington Hydrologic\carmel\MODFLOW\SFR\flow_acc_points.shp,POINTID,-1,-1;GRID_CODE "GRID_CODE" true true false 17 Double 8 16 ,First,#,D:\Huntington Hydrologic\carmel\MODFLOW\SFR\flow_acc_points.shp,GRID_CODE,-1,-1" INTERSECT # #</Process><Process ToolSource="c:\program files (x86)\arcgis\desktop10.1\ArcToolbox\Toolboxes\Analysis Tools.tbx\SpatialJoin" Date="20150315" Time="105314">SpatialJoin iseg_v5 flow_acc_sub_points "D:\Huntington Hydrologic\carmel\MODFLOW\SFR\iseg_v6.shp" JOIN_ONE_TO_ONE KEEP_ALL "Join_Count "Join_Count" true true false 4 Long 0 0 ,First,#,D:\justinh\Documents\ArcGIS\Default.gdb\iseg_v5,Join_Count,-1,-1;TARGET_FID "TARGET_FID" true true false 4 Long 0 0 ,First,#,D:\justinh\Documents\ArcGIS\Default.gdb\iseg_v5,TARGET_FID,-1,-1;ORIG_FID "ORIG_FID" true true false 4 Long 0 0 ,First,#,D:\justinh\Documents\ArcGIS\Default.gdb\iseg_v5,ORIG_FID,-1,-1;HRU_ID "HRU_ID" true true false 4 Long 0 0 ,First,#,D:\justinh\Documents\ArcGIS\Default.gdb\iseg_v5,HRU_ID,-1,-1;HRU_ROW "HRU_ROW" true true false 4 Long 0 0 ,First,#,D:\justinh\Documents\ArcGIS\Default.gdb\iseg_v5,HRU_ROW,-1,-1;HRU_COL "HRU_COL" true true false 4 Long 0 0 ,First,#,D:\justinh\Documents\ArcGIS\Default.gdb\iseg_v5,HRU_COL,-1,-1;ISEG "ISEG" true true false 4 Long 0 0 ,First,#,D:\justinh\Documents\ArcGIS\Default.gdb\iseg_v5,ISEG,-1,-1;KRCH "KRCH" true true false 4 Long 0 0 ,First,#,D:\justinh\Documents\ArcGIS\Default.gdb\iseg_v5,KRCH,-1,-1;IRCH "IRCH" true true false 4 Long 0 0 ,First,#,D:\justinh\Documents\ArcGIS\Default.gdb\iseg_v5,IRCH,-1,-1;JRCH "JRCH" true true false 4 Long 0 0 ,First,#,D:\justinh\Documents\ArcGIS\Default.gdb\iseg_v5,JRCH,-1,-1;IREACH "IREACH" true true false 4 Long 0 0 ,First,#,D:\justinh\Documents\ArcGIS\Default.gdb\iseg_v5,IREACH,-1,-1;RCHLEN "RCHLEN" true true false 4 Long 0 0 ,First,#,D:\justinh\Documents\ArcGIS\Default.gdb\iseg_v5,RCHLEN,-1,-1;OUTSEG "OUTSEG" true true false 4 Long 0 0 ,First,#,D:\justinh\Documents\ArcGIS\Default.gdb\iseg_v5,OUTSEG,-1,-1;IUPSEG "IUPSEG" true true false 4 Long 0 0 ,First,#,D:\justinh\Documents\ArcGIS\Default.gdb\iseg_v5,IUPSEG,-1,-1;STRM_SLOPE "STRM_SLOPE" true true false 4 Float 0 0 ,First,#,D:\justinh\Documents\ArcGIS\Default.gdb\iseg_v5,STRM_SLOPE,-1,-1;DEM_ADJ_NE "DEM_ADJ_NE" true true false 8 Double 0 0 ,First,#,D:\justinh\Documents\ArcGIS\Default.gdb\iseg_v5,DEM_ADJ_NE,-1,-1;Lay1_bot_n "Lay1_bot_n" true true false 8 Double 0 0 ,First,#,D:\justinh\Documents\ArcGIS\Default.gdb\iseg_v5,Lay1_bot_n,-1,-1;STRM_TOP_I "STRM_TOP_I" true true false 8 Double 0 0 ,First,#,D:\justinh\Documents\ArcGIS\Default.gdb\iseg_v5,STRM_TOP_I,-1,-1;WIDTH_IN "WIDTH_IN" true true false 8 Double 0 0 ,First,#,D:\justinh\Documents\ArcGIS\Default.gdb\iseg_v5,WIDTH_IN,-1,-1;FLOW_ACC "FLOW_ACC" true true false 8 Double 0 0 ,First,#,D:\justinh\Documents\ArcGIS\Default.gdb\iseg_v5,FLOW_ACC,-1,-1;DEM_ADJ_IN "DEM_ADJ_IN" true true false 8 Double 0 0 ,First,#,D:\justinh\Documents\ArcGIS\Default.gdb\iseg_v5,DEM_ADJ_IN,-1,-1;HRU_ID_1 "HRU_ID_1" true true false 8 Double 0 0 ,First,#,D:\justinh\Documents\ArcGIS\Default.gdb\iseg_v5,HRU_ID_1,-1,-1;INCISSION "INCISSION" true true false 4 Float 0 0 ,First,#,D:\justinh\Documents\ArcGIS\Default.gdb\iseg_v5,INCISSION,-1,-1;StrmTop_L1 "StrmTop_L1" true true false 4 Float 0 0 ,First,#,D:\justinh\Documents\ArcGIS\Default.gdb\iseg_v5,StrmTop_L1,-1,-1;INCISS_v2 "INCISS_v2" true true false 4 Float 0 0 ,First,#,D:\justinh\Documents\ArcGIS\Default.gdb\iseg_v5,INCISS_v2,-1,-1;STRMTOP_v2 "STRMTOP_v2" true true false 4 Float 0 0 ,First,#,D:\justinh\Documents\ArcGIS\Default.gdb\iseg_v5,STRMTOP_v2,-1,-1;HRU_ID_12 "HRU_ID_12" true true false 8 Double 0 0 ,First,#,D:\justinh\Documents\ArcGIS\Default.gdb\iseg_v5,HRU_ID_12,-1,-1;NEW_FLOW_A "NEW_FLOW_A" true true false 8 Double 0 0 ,First,#,D:\justinh\Documents\ArcGIS\Default.gdb\iseg_v5,NEW_FLOW_A,-1,-1;diff "diff" true true false 4 Float 0 0 ,First,#,D:\justinh\Documents\ArcGIS\Default.gdb\iseg_v5,diff,-1,-1;POINTID "POINTID" true true false 4 Long 0 0 ,First,#,D:\justinh\Documents\ArcGIS\Default.gdb\iseg_v5,POINTID,-1,-1;GRID_CODE "GRID_CODE" true true false 8 Double 0 0 ,First,#,D:\justinh\Documents\ArcGIS\Default.gdb\iseg_v5,GRID_CODE,-1,-1;Shape_Length "Shape_Length" false true true 8 Double 0 0 ,First,#,D:\justinh\Documents\ArcGIS\Default.gdb\iseg_v5,Shape_Length,-1,-1;Shape_Area "Shape_Area" false true true 8 Double 0 0 ,First,#,D:\justinh\Documents\ArcGIS\Default.gdb\iseg_v5,Shape_Area,-1,-1;POINTID_1 "POINTID_1" true true false 6 Long 0 6 ,First,#,D:\Huntington Hydrologic\carmel\MODFLOW\SFR\flow_acc_sub_points.shp,POINTID,-1,-1;GRID_CODE_1 "GRID_CODE_1" true true false 17 Double 8 16 ,First,#,D:\Huntington Hydrologic\carmel\MODFLOW\SFR\flow_acc_sub_points.shp,GRID_CODE,-1,-1" INTERSECT # #</Process><Process ToolSource="c:\program files (x86)\arcgis\desktop10.1\ArcToolbox\Toolboxes\Data Management Tools.tbx\CalculateField" Date="20150315" Time="110135">CalculateField iseg_v6 FlowAccSub [GRID_CODE_] VB #</Process><Process ToolSource="c:\program files (x86)\arcgis\desktop10.1\ArcToolbox\Toolboxes\Data Management Tools.tbx\CalculateField" Date="20150315" Time="110223">CalculateField iseg_v6 FlowAccSub [GRID_CODE_] VB #</Process><Process ToolSource="c:\program files (x86)\arcgis\desktop10.1\ArcToolbox\Toolboxes\Data Management Tools.tbx\CalculateField" Date="20150315" Time="110425">CalculateField iseg_v6 FlowAccSub 32795 VB #</Process><Process ToolSource="c:\program files (x86)\arcgis\desktop10.1\ArcToolbox\Toolboxes\Data Management Tools.tbx\CalculateField" Date="20150315" Time="110547">CalculateField iseg_v6 FlowAccSub [GRID_CODE_] VB #</Process><Process ToolSource="c:\program files (x86)\arcgis\desktop10.1\ArcToolbox\Toolboxes\Data Management Tools.tbx\CalculateField" Date="20150331" Time="134753">CalculateField iseg_v6 main_stem 1 VB #</Process></lineage><itemProps><itemName Sync="TRUE">iseg_v6</itemName><imsContentType Sync="TRUE">002</imsContentType><itemLocation><linkage Sync="TRUE">file://\\JUSTINH01P\D$\Huntington Hydrologic\carmel\MODFLOW\SFR\iseg_v6.shp</linkage><protocol Sync="TRUE">Local Area Network</protocol></itemLocation><itemSize Sync="TRUE">0.000</itemSize></itemProps><coordRef><type Sync="TRUE">Projected</type><geogcsn Sync="TRUE">GCS_North_American_1983</geogcsn><csUnits Sync="TRUE">Linear Unit: Meter (1.000000)</csUnits><projcsn Sync="TRUE">NAD_1983_UTM_Zone_10N</projcsn><peXml Sync="TRUE">&lt;ProjectedCoordinateSystem xsi:type='typens:ProjectedCoordinateSystem' xmlns:xsi='http://www.w3.org/2001/XMLSchema-instance' xmlns:xs='http://www.w3.org/2001/XMLSchema' xmlns:typens='http://www.esri.com/schemas/ArcGIS/10.1'&gt;&lt;WKT&gt;PROJCS[&amp;quot;NAD_1983_UTM_Zone_10N&amp;quot;,GEOGCS[&amp;quot;GCS_North_American_1983&amp;quot;,DATUM[&amp;quot;D_North_American_1983&amp;quot;,SPHEROID[&amp;quot;GRS_1980&amp;quot;,6378137.0,298.257222101]],PRIMEM[&amp;quot;Greenwich&amp;quot;,0.0],UNIT[&amp;quot;Degree&amp;quot;,0.0174532925199433]],PROJECTION[&amp;quot;Transverse_Mercator&amp;quot;],PARAMETER[&amp;quot;False_Easting&amp;quot;,500000.0],PARAMETER[&amp;quot;False_Northing&amp;quot;,0.0],PARAMETER[&amp;quot;Central_Meridian&amp;quot;,-123.0],PARAMETER[&amp;quot;Scale_Factor&amp;quot;,0.9996],PARAMETER[&amp;quot;Latitude_Of_Origin&amp;quot;,0.0],UNIT[&amp;quot;Meter&amp;quot;,1.0],AUTHORITY[&amp;quot;EPSG&amp;quot;,26910]]&lt;/WKT&gt;&lt;XOrigin&gt;-5120900&lt;/XOrigin&gt;&lt;YOrigin&gt;-9998100&lt;/YOrigin&gt;&lt;XYScale&gt;450445547.3910538&lt;/XYScale&gt;&lt;ZOrigin&gt;-100000&lt;/ZOrigin&gt;&lt;ZScale&gt;10000&lt;/ZScale&gt;&lt;MOrigin&gt;-100000&lt;/MOrigin&gt;&lt;MScale&gt;10000&lt;/MScale&gt;&lt;XYTolerance&gt;0.001&lt;/XYTolerance&gt;&lt;ZTolerance&gt;0.001&lt;/ZTolerance&gt;&lt;MTolerance&gt;0.001&lt;/MTolerance&gt;&lt;HighPrecision&gt;true&lt;/HighPrecision&gt;&lt;WKID&gt;26910&lt;/WKID&gt;&lt;LatestWKID&gt;26910&lt;/LatestWKID&gt;&lt;/ProjectedCoordinateSystem&gt;</peXml></coordRef></DataProperties><SyncDate>20150315</SyncDate><SyncTime>10531200</SyncTime><ModDate>20150315</ModDate><ModTime>10531200</ModTime></Esri><dataIdInfo><envirDesc Sync="TRUE">Microsoft Windows 7 Version 6.1 (Build 7601) Service Pack 1; Esri ArcGIS 10.1.1.3143</envirDesc><dataLang><languageCode value="eng" Sync="TRUE"></languageCode><countryCode value="USA" Sync="TRUE"></countryCode></dataLang><idCitation><resTitle Sync="TRUE">iseg_v6</resTitle><presForm><PresFormCd value="005" Sync="TRUE"></PresFormCd></presForm></idCitation><spatRpType><SpatRepTypCd value="001" Sync="TRUE"></SpatRepTypCd></spatRpType></dataIdInfo><mdLang><languageCode value="eng" Sync="TRUE"></languageCode><countryCode value="USA" Sync="TRUE"></countryCode></mdLang><distInfo><distFormat><formatName Sync="TRUE">Shapefile</formatName></distFormat><distTranOps><transSize Sync="TRUE">0.000</transSize></distTranOps></distInfo><mdHrLv><ScopeCd value="005" Sync="TRUE"></ScopeCd></mdHrLv><mdHrLvName Sync="TRUE">dataset</mdHrLvName><refSysInfo><RefSystem><refSysID><identCode code="26910" Sync="TRUE"></identCode><idCodeSpace Sync="TRUE">EPSG</idCodeSpace><idVersion Sync="TRUE">7.11.2</idVersion></refSysID></RefSystem></refSysInfo><spatRepInfo><VectSpatRep><geometObjs Name="iseg_v6"><geoObjTyp><GeoObjTypCd value="002" Sync="TRUE"></GeoObjTypCd></geoObjTyp><geoObjCnt Sync="TRUE">0</geoObjCnt></geometObjs><topLvl><TopoLevCd value="001" Sync="TRUE"></TopoLevCd></topLvl></VectSpatRep></spatRepInfo><spdoinfo><ptvctinf><esriterm Name="iseg_v6"><efeatyp Sync="TRUE">Simple</efeatyp><efeageom code="4" Sync="TRUE"></efeageom><esritopo Sync="TRUE">FALSE</esritopo><efeacnt Sync="TRUE">0</efeacnt><spindex Sync="TRUE">FALSE</spindex><linrefer Sync="TRUE">FALSE</linrefer></esriterm></ptvctinf></spdoinfo><eainfo><detailed Name="iseg_v6"><enttyp><enttypl Sync="TRUE">iseg_v6</enttypl><enttypt Sync="TRUE">Feature Class</enttypt><enttypc Sync="TRUE">0</enttypc></enttyp><attr><attrlabl Sync="TRUE">FID</attrlabl><attalias Sync="TRUE">FID</attalias><attrtype Sync="TRUE">OID</attrtype><attwidth Sync="TRUE">4</attwidth><atprecis Sync="TRUE">0</atprecis><attscale Sync="TRUE">0</attscale><attrdef Sync="TRUE">Internal feature number.</attrdef><attrdefs Sync="TRUE">Esri</attrdefs><attrdomv><udom Sync="TRUE">Sequential unique whole numbers that are automatically generated.</udom></attrdomv></attr><attr><attrlabl Sync="TRUE">Shape</attrlabl><attalias Sync="TRUE">Shape</attalias><attrtype Sync="TRUE">Geometry</attrtype><attwidth Sync="TRUE">0</attwidth><atprecis Sync="TRUE">0</atprecis><attscale Sync="TRUE">0</attscale><attrdef Sync="TRUE">Feature geometry.</attrdef><attrdefs Sync="TRUE">Esri</attrdefs><attrdomv><udom Sync="TRUE">Coordinates defining the features.</udom></attrdomv></attr><attr><attrlabl Sync="TRUE">Join_Count</attrlabl><attalias Sync="TRUE">Join_Count</attalias><attrtype Sync="TRUE">Integer</attrtype><attwidth Sync="TRUE">9</attwidth><atprecis Sync="TRUE">9</atprecis><attscale Sync="TRUE">0</attscale></attr><attr><attrlabl Sync="TRUE">TARGET_FID</attrlabl><attalias Sync="TRUE">TARGET_FID</attalias><attrtype Sync="TRUE">Integer</attrtype><attwidth Sync="TRUE">9</attwidth><atprecis Sync="TRUE">9</atprecis><attscale Sync="TRUE">0</attscale></attr><attr><attrlabl Sync="TRUE">Join_Cou_1</attrlabl><attalias Sync="TRUE">Join_Cou_1</attalias><attrtype Sync="TRUE">Integer</attrtype><attwidth Sync="TRUE">9</attwidth><atprecis Sync="TRUE">9</atprecis><attscale Sync="TRUE">0</attscale></attr><attr><attrlabl Sync="TRUE">TARGET_F_1</attrlabl><attalias Sync="TRUE">TARGET_F_1</attalias><attrtype Sync="TRUE">Integer</attrtype><attwidth Sync="TRUE">9</attwidth><atprecis Sync="TRUE">9</atprecis><attscale Sync="TRUE">0</attscale></attr><attr><attrlabl Sync="TRUE">ORIG_FID</attrlabl><attalias Sync="TRUE">ORIG_FID</attalias><attrtype Sync="TRUE">Integer</attrtype><attwidth Sync="TRUE">9</attwidth><atprecis Sync="TRUE">9</atprecis><attscale Sync="TRUE">0</attscale></attr><attr><attrlabl Sync="TRUE">HRU_ID</attrlabl><attalias Sync="TRUE">HRU_ID</attalias><attrtype Sync="TRUE">Integer</attrtype><attwidth Sync="TRUE">9</attwidth><atprecis Sync="TRUE">9</atprecis><attscale Sync="TRUE">0</attscale></attr><attr><attrlabl Sync="TRUE">HRU_ROW</attrlabl><attalias Sync="TRUE">HRU_ROW</attalias><attrtype Sync="TRUE">Integer</attrtype><attwidth Sync="TRUE">9</attwidth><atprecis Sync="TRUE">9</atprecis><attscale Sync="TRUE">0</attscale></attr><attr><attrlabl Sync="TRUE">HRU_COL</attrlabl><attalias Sync="TRUE">HRU_COL</attalias><attrtype Sync="TRUE">Integer</attrtype><attwidth Sync="TRUE">9</attwidth><atprecis Sync="TRUE">9</atprecis><attscale Sync="TRUE">0</attscale></attr><attr><attrlabl Sync="TRUE">ISEG</attrlabl><attalias Sync="TRUE">ISEG</attalias><attrtype Sync="TRUE">Integer</attrtype><attwidth Sync="TRUE">9</attwidth><atprecis Sync="TRUE">9</atprecis><attscale Sync="TRUE">0</attscale></attr><attr><attrlabl Sync="TRUE">KRCH</attrlabl><attalias Sync="TRUE">KRCH</attalias><attrtype Sync="TRUE">Integer</attrtype><attwidth Sync="TRUE">9</attwidth><atprecis Sync="TRUE">9</atprecis><attscale Sync="TRUE">0</attscale></attr><attr><attrlabl Sync="TRUE">IRCH</attrlabl><attalias Sync="TRUE">IRCH</attalias><attrtype Sync="TRUE">Integer</attrtype><attwidth Sync="TRUE">9</attwidth><atprecis Sync="TRUE">9</atprecis><attscale Sync="TRUE">0</attscale></attr><attr><attrlabl Sync="TRUE">JRCH</attrlabl><attalias Sync="TRUE">JRCH</attalias><attrtype Sync="TRUE">Integer</attrtype><attwidth Sync="TRUE">9</attwidth><atprecis Sync="TRUE">9</atprecis><attscale Sync="TRUE">0</attscale></attr><attr><attrlabl Sync="TRUE">IREACH</attrlabl><attalias Sync="TRUE">IREACH</attalias><attrtype Sync="TRUE">Integer</attrtype><attwidth Sync="TRUE">9</attwidth><atprecis Sync="TRUE">9</atprecis><attscale Sync="TRUE">0</attscale></attr><attr><attrlabl Sync="TRUE">RCHLEN</attrlabl><attalias Sync="TRUE">RCHLEN</attalias><attrtype Sync="TRUE">Integer</attrtype><attwidth Sync="TRUE">9</attwidth><atprecis Sync="TRUE">9</atprecis><attscale Sync="TRUE">0</attscale></attr><attr><attrlabl Sync="TRUE">OUTSEG</attrlabl><attalias Sync="TRUE">OUTSEG</attalias><attrtype Sync="TRUE">Integer</attrtype><attwidth Sync="TRUE">9</attwidth><atprecis Sync="TRUE">9</atprecis><attscale Sync="TRUE">0</attscale></attr><attr><attrlabl Sync="TRUE">IUPSEG</attrlabl><attalias Sync="TRUE">IUPSEG</attalias><attrtype Sync="TRUE">Integer</attrtype><attwidth Sync="TRUE">9</attwidth><atprecis Sync="TRUE">9</atprecis><attscale Sync="TRUE">0</attscale></attr><attr><attrlabl Sync="TRUE">STRM_SLOPE</attrlabl><attalias Sync="TRUE">STRM_SLOPE</attalias><attrtype Sync="TRUE">Single</attrtype><attwidth Sync="TRUE">13</attwidth><atprecis Sync="TRUE">0</atprecis><attscale Sync="TRUE">0</attscale></attr><attr><attrlabl Sync="TRUE">DEM_ADJ_NE</attrlabl><attalias Sync="TRUE">DEM_ADJ_NE</attalias><attrtype Sync="TRUE">Double</attrtype><attwidth Sync="TRUE">19</attwidth><atprecis Sync="TRUE">0</atprecis><attscale Sync="TRUE">0</attscale></attr><attr><attrlabl Sync="TRUE">Lay1_bot_n</attrlabl><attalias Sync="TRUE">Lay1_bot_n</attalias><attrtype Sync="TRUE">Double</attrtype><attwidth Sync="TRUE">19</attwidth><atprecis Sync="TRUE">0</atprecis><attscale Sync="TRUE">0</attscale></attr><attr><attrlabl Sync="TRUE">STRM_TOP_I</attrlabl><attalias Sync="TRUE">STRM_TOP_I</attalias><attrtype Sync="TRUE">Double</attrtype><attwidth Sync="TRUE">19</attwidth><atprecis Sync="TRUE">0</atprecis><attscale Sync="TRUE">0</attscale></attr><attr><attrlabl Sync="TRUE">WIDTH_IN</attrlabl><attalias Sync="TRUE">WIDTH_IN</attalias><attrtype Sync="TRUE">Double</attrtype><attwidth Sync="TRUE">19</attwidth><atprecis Sync="TRUE">0</atprecis><attscale Sync="TRUE">0</attscale></attr><attr><attrlabl Sync="TRUE">FLOW_ACC</attrlabl><attalias Sync="TRUE">FLOW_ACC</attalias><attrtype Sync="TRUE">Double</attrtype><attwidth Sync="TRUE">19</attwidth><atprecis Sync="TRUE">0</atprecis><attscale Sync="TRUE">0</attscale></attr><attr><attrlabl Sync="TRUE">DEM_ADJ_IN</attrlabl><attalias Sync="TRUE">DEM_ADJ_IN</attalias><attrtype Sync="TRUE">Double</attrtype><attwidth Sync="TRUE">19</attwidth><atprecis Sync="TRUE">0</atprecis><attscale Sync="TRUE">0</attscale></attr><attr><attrlabl Sync="TRUE">HRU_ID_1</attrlabl><attalias Sync="TRUE">HRU_ID_1</attalias><attrtype Sync="TRUE">Double</attrtype><attwidth Sync="TRUE">19</attwidth><atprecis Sync="TRUE">0</atprecis><attscale Sync="TRUE">0</attscale></attr><attr><attrlabl Sync="TRUE">INCISSION</attrlabl><attalias Sync="TRUE">INCISSION</attalias><attrtype Sync="TRUE">Single</attrtype><attwidth Sync="TRUE">13</attwidth><atprecis Sync="TRUE">0</atprecis><attscale Sync="TRUE">0</attscale></attr><attr><attrlabl Sync="TRUE">StrmTop_L1</attrlabl><attalias Sync="TRUE">StrmTop_L1</attalias><attrtype Sync="TRUE">Single</attrtype><attwidth Sync="TRUE">13</attwidth><atprecis Sync="TRUE">0</atprecis><attscale Sync="TRUE">0</attscale></attr><attr><attrlabl Sync="TRUE">INCISS_v2</attrlabl><attalias Sync="TRUE">INCISS_v2</attalias><attrtype Sync="TRUE">Single</attrtype><attwidth Sync="TRUE">13</attwidth><atprecis Sync="TRUE">0</atprecis><attscale Sync="TRUE">0</attscale></attr><attr><attrlabl Sync="TRUE">STRMTOP_v2</attrlabl><attalias Sync="TRUE">STRMTOP_v2</attalias><attrtype Sync="TRUE">Single</attrtype><attwidth Sync="TRUE">13</attwidth><atprecis Sync="TRUE">0</atprecis><attscale Sync="TRUE">0</attscale></attr><attr><attrlabl Sync="TRUE">HRU_ID_12</attrlabl><attalias Sync="TRUE">HRU_ID_12</attalias><attrtype Sync="TRUE">Double</attrtype><attwidth Sync="TRUE">19</attwidth><atprecis Sync="TRUE">0</atprecis><attscale Sync="TRUE">0</attscale></attr><attr><attrlabl Sync="TRUE">NEW_FLOW_A</attrlabl><attalias Sync="TRUE">NEW_FLOW_A</attalias><attrtype Sync="TRUE">Double</attrtype><attwidth Sync="TRUE">19</attwidth><atprecis Sync="TRUE">0</atprecis><attscale Sync="TRUE">0</attscale></attr><attr><attrlabl Sync="TRUE">diff</attrlabl><attalias Sync="TRUE">diff</attalias><attrtype Sync="TRUE">Single</attrtype><attwidth Sync="TRUE">13</attwidth><atprecis Sync="TRUE">0</atprecis><attscale Sync="TRUE">0</attscale></attr><attr><attrlabl Sync="TRUE">POINTID</attrlabl><attalias Sync="TRUE">POINTID</attalias><attrtype Sync="TRUE">Integer</attrtype><attwidth Sync="TRUE">9</attwidth><atprecis Sync="TRUE">9</atprecis><attscale Sync="TRUE">0</attscale></attr><attr><attrlabl Sync="TRUE">GRID_CODE</attrlabl><attalias Sync="TRUE">GRID_CODE</attalias><attrtype Sync="TRUE">Double</attrtype><attwidth Sync="TRUE">19</attwidth><atprecis Sync="TRUE">0</atprecis><attscale Sync="TRUE">0</attscale></attr><attr><attrlabl Sync="TRUE">Shape_Leng</attrlabl><attalias Sync="TRUE">Shape_Leng</attalias><attrtype Sync="TRUE">Double</attrtype><attwidth Sync="TRUE">19</attwidth><atprecis Sync="TRUE">0</atprecis><attscale Sync="TRUE">0</attscale></attr><attr><attrlabl Sync="TRUE">Shape_Area</attrlabl><attalias Sync="TRUE">Shape_Area</attalias><attrtype Sync="TRUE">Double</attrtype><attwidth Sync="TRUE">19</attwidth><atprecis Sync="TRUE">0</atprecis><attscale Sync="TRUE">0</attscale><attrdef Sync="TRUE">Area of feature in internal units squared.</attrdef><attrdefs Sync="TRUE">Esri</attrdefs><attrdomv><udom Sync="TRUE">Positive real numbers that are automatically generated.</udom></attrdomv></attr><attr><attrlabl Sync="TRUE">POINTID_1</attrlabl><attalias Sync="TRUE">POINTID_1</attalias><attrtype Sync="TRUE">Integer</attrtype><attwidth Sync="TRUE">6</attwidth><atprecis Sync="TRUE">6</atprecis><attscale Sync="TRUE">0</attscale></attr><attr><attrlabl Sync="TRUE">GRID_CODE_</attrlabl><attalias Sync="TRUE">GRID_CODE_</attalias><attrtype Sync="TRUE">Double</attrtype><attwidth Sync="TRUE">17</attwidth><atprecis Sync="TRUE">16</atprecis><attscale Sync="TRUE">8</attscale></attr></detailed></eainfo><mdDateSt Sync="TRUE">20150315</mdDateSt></metadata>
