<?xml version="1.0" encoding="UTF-8"?>
<metadata xml:lang="en"><Esri><CreaDate>20160919</CreaDate><CreaTime>12224400</CreaTime><ArcGISFormat>1.0</ArcGISFormat><SyncOnce>TRUE</SyncOnce><DataProperties><lineage><Process ToolSource="c:\program files (x86)\arcgis\desktop10.2\ArcToolbox\Toolboxes\Data Management Tools.tbx\CalculateField" Date="20151220" Time="113019">CalculateField hru_params_v9 hru_tsta 2 VB #</Process><Process ToolSource="c:\program files (x86)\arcgis\desktop10.2\ArcToolbox\Toolboxes\Data Management Tools.tbx\CalculateField" Date="20151220" Time="113104">CalculateField hru_params_v9 hru_tsta 1 VB #</Process><Process ToolSource="c:\program files (x86)\arcgis\desktop10.2\ArcToolbox\Toolboxes\Data Management Tools.tbx\CalculateField" Date="20151220" Time="113305">CalculateField hru_params_v9 hru_tsta 2 VB #</Process><Process ToolSource="c:\program files (x86)\arcgis\desktop10.3\ArcToolbox\Toolboxes\Data Management Tools.tbx\CalculateField" Date="20160916" Time="143650">CalculateField hru_polygon_layer COV_TYPE 0 PYTHON #</Process><Process ToolSource="c:\program files (x86)\arcgis\desktop10.3\ArcToolbox\Toolboxes\Data Management Tools.tbx\CalculateField" Date="20160916" Time="143651">CalculateField hru_polygon_layer COVDEN_SUM 0 PYTHON #</Process><Process ToolSource="c:\program files (x86)\arcgis\desktop10.3\ArcToolbox\Toolboxes\Data Management Tools.tbx\CalculateField" Date="20160916" Time="143652">CalculateField hru_polygon_layer COVDEN_WIN 0 PYTHON #</Process><Process ToolSource="c:\program files (x86)\arcgis\desktop10.3\ArcToolbox\Toolboxes\Data Management Tools.tbx\CalculateField" Date="20160916" Time="143652">CalculateField hru_polygon_layer SNOW_INTCP 0 PYTHON #</Process><Process ToolSource="c:\program files (x86)\arcgis\desktop10.3\ArcToolbox\Toolboxes\Data Management Tools.tbx\CalculateField" Date="20160916" Time="143653">CalculateField hru_polygon_layer SRAIN_INTC 0 PYTHON #</Process><Process ToolSource="c:\program files (x86)\arcgis\desktop10.3\ArcToolbox\Toolboxes\Data Management Tools.tbx\CalculateField" Date="20160916" Time="143654">CalculateField hru_polygon_layer WRAIN_INTC 0 PYTHON #</Process><Process ToolSource="c:\program files (x86)\arcgis\desktop10.3\ArcToolbox\Toolboxes\Data Management Tools.tbx\CalculateField" Date="20160916" Time="143655">CalculateField hru_polygon_layer RAD_TRNCF 0 PYTHON #</Process><Process ToolSource="c:\program files (x86)\arcgis\desktop10.3\ArcToolbox\Toolboxes\Data Management Tools.tbx\CalculateField" Date="20160919" Time="122640">CalculateField hru_params_v10 SRAIN_INTC -9999 VB #</Process><Process ToolSource="c:\program files (x86)\arcgis\desktop10.3\ArcToolbox\Toolboxes\Data Management Tools.tbx\CalculateField" Date="20160919" Time="122847">CalculateField hru_params_v10 SNOW_INTCP -9999 VB #</Process><Process ToolSource="c:\program files (x86)\arcgis\desktop10.3\ArcToolbox\Toolboxes\Data Management Tools.tbx\CalculateField" Date="20160919" Time="123142">CalculateField hru_params_v10 WRAIN_INTC -9999 VB #</Process><Process ToolSource="c:\program files (x86)\arcgis\desktop10.3\ArcToolbox\Toolboxes\Data Management Tools.tbx\CalculateField" Date="20160919" Time="124512">CalculateField hru_polygon_layer COV_TYPE 0 PYTHON #</Process><Process ToolSource="c:\program files (x86)\arcgis\desktop10.3\ArcToolbox\Toolboxes\Data Management Tools.tbx\CalculateField" Date="20160919" Time="124513">CalculateField hru_polygon_layer COVDEN_SUM 0 PYTHON #</Process><Process ToolSource="c:\program files (x86)\arcgis\desktop10.3\ArcToolbox\Toolboxes\Data Management Tools.tbx\CalculateField" Date="20160919" Time="124513">CalculateField hru_polygon_layer COVDEN_WIN 0 PYTHON #</Process><Process ToolSource="c:\program files (x86)\arcgis\desktop10.3\ArcToolbox\Toolboxes\Data Management Tools.tbx\CalculateField" Date="20160919" Time="124514">CalculateField hru_polygon_layer SNOW_INTCP 0 PYTHON #</Process><Process ToolSource="c:\program files (x86)\arcgis\desktop10.3\ArcToolbox\Toolboxes\Data Management Tools.tbx\CalculateField" Date="20160919" Time="124515">CalculateField hru_polygon_layer SRAIN_INTC 0 PYTHON #</Process><Process ToolSource="c:\program files (x86)\arcgis\desktop10.3\ArcToolbox\Toolboxes\Data Management Tools.tbx\CalculateField" Date="20160919" Time="124516">CalculateField hru_polygon_layer WRAIN_INTC 0 PYTHON #</Process><Process ToolSource="c:\program files (x86)\arcgis\desktop10.3\ArcToolbox\Toolboxes\Data Management Tools.tbx\CalculateField" Date="20160919" Time="124517">CalculateField hru_polygon_layer RAD_TRNCF 0 PYTHON #</Process><Process ToolSource="c:\program files (x86)\arcgis\desktop10.3\ArcToolbox\Toolboxes\Data Management Tools.tbx\CalculateField" Date="20160919" Time="132658">CalculateField hru_polygon_layer COV_TYPE 0 PYTHON #</Process><Process ToolSource="c:\program files (x86)\arcgis\desktop10.3\ArcToolbox\Toolboxes\Data Management Tools.tbx\CalculateField" Date="20160919" Time="132659">CalculateField hru_polygon_layer COVDEN_SUM 0 PYTHON #</Process><Process ToolSource="c:\program files (x86)\arcgis\desktop10.3\ArcToolbox\Toolboxes\Data Management Tools.tbx\CalculateField" Date="20160919" Time="132659">CalculateField hru_polygon_layer COVDEN_WIN 0 PYTHON #</Process><Process ToolSource="c:\program files (x86)\arcgis\desktop10.3\ArcToolbox\Toolboxes\Data Management Tools.tbx\CalculateField" Date="20160919" Time="132700">CalculateField hru_polygon_layer SNOW_INTCP 0 PYTHON #</Process><Process ToolSource="c:\program files (x86)\arcgis\desktop10.3\ArcToolbox\Toolboxes\Data Management Tools.tbx\CalculateField" Date="20160919" Time="132701">CalculateField hru_polygon_layer SRAIN_INTC 0 PYTHON #</Process><Process ToolSource="c:\program files (x86)\arcgis\desktop10.3\ArcToolbox\Toolboxes\Data Management Tools.tbx\CalculateField" Date="20160919" Time="132702">CalculateField hru_polygon_layer WRAIN_INTC 0 PYTHON #</Process><Process ToolSource="c:\program files (x86)\arcgis\desktop10.3\ArcToolbox\Toolboxes\Data Management Tools.tbx\CalculateField" Date="20160919" Time="132703">CalculateField hru_polygon_layer RAD_TRNCF 0 PYTHON #</Process></lineage></DataProperties></Esri></metadata>
